gameid,datacompleteness,url,league,year,split,playoffs,date,game,patch,participantid,side,position,playername,playerid,teamname,teamid,champion,ban1,ban2,ban3,ban4,ban5,pick1,pick2,pick3,pick4,pick5,gamelength,result,kills,deaths,assists,teamkills,teamdeaths,doublekills,triplekills,quadrakills,pentakills,firstblood,firstbloodkill,firstbloodassist,firstbloodvictim,team kpm,ckpm,firstdragon,dragons,opp_dragons,elementaldrakes,opp_elementaldrakes,infernals,mountains,clouds,oceans,chemtechs,hextechs,dragons (type unknown),elders,opp_elders,firstherald,heralds,opp_heralds,void_grubs,opp_void_grubs,firstbaron,barons,opp_barons,firsttower,towers,opp_towers,firstmidtower,firsttothreetowers,turretplates,opp_turretplates,inhibitors,opp_inhibitors,damagetochampions,dpm,damageshare,damagetakenperminute,damagemitigatedperminute,wardsplaced,wpm,wardskilled,wcpm,controlwardsbought,visionscore,vspm,totalgold,earnedgold,earned gpm,earnedgoldshare,goldspent,gspd,gpr,total cs,minionkills,monsterkills,monsterkillsownjungle,monsterkillsenemyjungle,cspm,goldat10,xpat10,csat10,opp_goldat10,opp_xpat10,opp_csat10,golddiffat10,xpdiffat10,csdiffat10,killsat10,assistsat10,deathsat10,opp_killsat10,opp_assistsat10,opp_deathsat10,goldat15,xpat15,csat15,opp_goldat15,opp_xpat15,opp_csat15,golddiffat15,xpdiffat15,csdiffat15,killsat15,assistsat15,deathsat15,opp_killsat15,opp_assistsat15,opp_deathsat15,goldat20,xpat20,csat20,opp_goldat20,opp_xpat20,opp_csat20,golddiffat20,xpdiffat20,csdiffat20,killsat20,assistsat20,deathsat20,opp_killsat20,opp_assistsat20,opp_deathsat20,goldat25,xpat25,csat25,opp_goldat25,opp_xpat25,opp_csat25,golddiffat25,xpdiffat25,csdiffat25,killsat25,assistsat25,deathsat25,opp_killsat25,opp_assistsat25,opp_deathsat25
ESPORTSTMNT01/1212450,complete,https://matchhistory.na.leagueoflegends.com/en/#match-details/ESPORTSTMNT01/1212450?gameHash=cc1d0c2978799c6f,CT,2019,,1,2019-11-29 10:01:19,1,9.22,1,Blue,top,Oscarinin,oe:player:be9758f87345bcce47970a8f17b3c07,S2V Esports Academy,oe:team:c14015eb860f145768d4368ba5c6349,Renekton,Elise,Thresh,Qiyana,Lee Sin,Jarvan IV,,,,,,1504,1,3,1,4,18,5,1.0,0.0,0.0,0.0,1.0,0.0,1.0,0.0,0.7181,0.9176,,,,,,,,,,,,,,,,,,,,,,,,,,,,,,2.0,0.0,10778.0,429.9734,0.240494,723.0718,481.3165,15.0,0.5984,12.0,0.4787,9.0,37.0,1.4761,10710.0,7366.0,293.8564,0.220367,10475.0,,,180.0,168.0,12.0,0.0,8.0,7.1809,3559.0,4786.0,76.0,2806.0,4367.0,69.0,753.0,419.0,7.0,0.0,2.0,0.0,0.0,0.0,2.0,6503.0,7629.0,125.0,4165.0,6450.0,103.0,2338.0,1179.0,22.0,1.0,2.0,0.0,0.0,0.0,3.0,9004.0,9632.0,164.0,6028.0,9114.0,153.0,2976.0,518.0,11.0,3.0,2.0,0.0,0.0,1.0,4.0,10702.0,11403.0,180.0,8351.0,12343.0,217.0,2351.0,-940.0,-37.0,3.0,4.0,1.0,0.0,1.0,5.0
ESPORTSTMNT01/1212450,complete,https://matchhistory.na.leagueoflegends.com/en/#match-details/ESPORTSTMNT01/1212450?gameHash=cc1d0c2978799c6f,CT,2019,,1,2019-11-29 10:01:19,1,9.22,2,Blue,jng,Jorx,oe:player:2d8d532cbcd9a4122f3aa4f5c231661,S2V Esports Academy,oe:team:c14015eb860f145768d4368ba5c6349,Sejuani,Elise,Thresh,Qiyana,Lee Sin,Jarvan IV,,,,,,1504,1,3,1,8,18,5,0.0,0.0,0.0,0.0,1.0,1.0,0.0,0.0,0.7181,0.9176,,,,,,,,,,,,,,,,,,,,,,,,,,,,,,0.0,0.0,5169.0,206.2101,0.115338,893.258,731.609,9.0,0.359,8.0,0.3191,7.0,30.0,1.1968,9105.0,5761.0,229.8271,0.172352,8075.0,,,121.0,26.0,95.0,59.0,0.0,4.8271,3700.0,3416.0,55.0,3006.0,3297.0,51.0,694.0,119.0,4.0,2.0,0.0,0.0,0.0,1.0,0.0,5726.0,5822.0,85.0,4265.0,4753.0,75.0,1461.0,1069.0,10.0,3.0,2.0,0.0,0.0,1.0,2.0,7107.0,7138.0,97.0,5657.0,6823.0,99.0,1450.0,315.0,-2.0,3.0,5.0,1.0,0.0,2.0,2.0,9097.0,10201.0,121.0,6677.0,7952.0,109.0,2420.0,2249.0,12.0,3.0,8.0,1.0,0.0,3.0,3.0
ESPORTSTMNT01/1212450,complete,https://matchhistory.na.leagueoflegends.com/en/#match-details/ESPORTSTMNT01/1212450?gameHash=cc1d0c2978799c6f,CT,2019,,1,2019-11-29 10:01:19,1,9.22,3,Blue,mid,FeeNiixZ,oe:player:2ce40d4fbbf0ead33ca1614540f4479,S2V Esports Academy,oe:team:c14015eb860f145768d4368ba5c6349,Cassiopeia,Elise,Thresh,Qiyana,Lee Sin,Jarvan IV,,,,,,1504,1,4,1,2,18,5,1.0,0.0,0.0,0.0,0.0,0.0,0.0,0.0,0.7181,0.9176,,,,,,,,,,,,,,,,,,,,,,,,,,,,,,0.0,0.0,9965.0,397.5399,0.222354,376.0372,191.4096,15.0,0.5984,3.0,0.1197,8.0,20.0,0.7979,10862.0,7518.0,299.9202,0.224914,9385.0,,,244.0,209.0,35.0,20.0,13.0,9.734,3141.0,4347.0,83.0,3424.0,4684.0,79.0,-283.0,-337.0,4.0,0.0,0.0,1.0,1.0,0.0,0.0,5282.0,7109.0,141.0,4960.0,6968.0,121.0,322.0,141.0,20.0,0.0,1.0,1.0,1.0,0.0,0.0,8057.0,10598.0,195.0,6278.0,8602.0,143.0,1779.0,1996.0,52.0,2.0,1.0,1.0,1.0,2.0,2.0,10853.0,14378.0,244.0,8011.0,10343.0,169.0,2842.0,4035.0,75.0,4.0,2.0,1.0,2.0,3.0,4.0
ESPORTSTMNT01/1212450,complete,https://matchhistory.na.leagueoflegends.com/en/#match-details/ESPORTSTMNT01/1212450?gameHash=cc1d0c2978799c6f,CT,2019,,1,2019-11-29 10:01:19,1,9.22,4,Blue,bot,Supa,oe:player:1223a0ed2bfab9b714c72d965df8133,S2V Esports Academy,oe:team:c14015eb860f145768d4368ba5c6349,Senna,Elise,Thresh,Qiyana,Lee Sin,Jarvan IV,,,,,,1504,1,8,0,3,18,5,3.0,1.0,0.0,0.0,0.0,0.0,0.0,0.0,0.7181,0.9176,,,,,,,,,,,,,,,,,,,,,,,,,,,,,,0.0,0.0,15383.0,613.6835,0.343248,277.7394,169.2686,9.0,0.359,7.0,0.2793,4.0,21.0,0.8378,12190.0,8846.0,352.8989,0.264642,10550.0,,,202.0,186.0,16.0,8.0,4.0,8.0585,3310.0,3149.0,87.0,2787.0,2725.0,63.0,523.0,424.0,24.0,0.0,0.0,0.0,0.0,0.0,0.0,6608.0,5631.0,137.0,4336.0,4507.0,99.0,2272.0,1124.0,38.0,3.0,0.0,0.0,0.0,0.0,2.0,9000.0,8147.0,179.0,7308.0,6812.0,153.0,1692.0,1335.0,26.0,3.0,3.0,0.0,2.0,0.0,2.0,12182.0,11870.0,202.0,9522.0,9056.0,192.0,2660.0,2814.0,10.0,8.0,3.0,0.0,3.0,0.0,3.0
ESPORTSTMNT01/1212450,complete,https://matchhistory.na.leagueoflegends.com/en/#match-details/ESPORTSTMNT01/1212450?gameHash=cc1d0c2978799c6f,CT,2019,,1,2019-11-29 10:01:19,1,9.22,5,Blue,sup,Aesenar,oe:player:48dcc42a868c5b2493c7a4eb1131332,S2V Esports Academy,oe:team:c14015eb860f145768d4368ba5c6349,Morgana,Elise,Thresh,Qiyana,Lee Sin,Jarvan IV,,,,,,1504,1,0,2,10,18,5,0.0,0.0,0.0,0.0,0.0,0.0,0.0,0.0,0.7181,0.9176,,,,,,,,,,,,,,,,,,,,,,,,,,,,,,0.0,0.0,3521.0,140.4654,0.0785657,449.641,245.984,24.0,0.9574,5.0,0.1995,8.0,48.0,1.9149,7279.0,3935.0,156.9814,0.117726,5935.0,,,10.0,10.0,0.0,0.0,0.0,0.3989,2215.0,2930.0,2.0,1932.0,2443.0,13.0,283.0,487.0,-11.0,0.0,0.0,0.0,0.0,0.0,0.0,3915.0,5002.0,5.0,2808.0,3114.0,18.0,1107.0,1888.0,-13.0,0.0,4.0,0.0,0.0,0.0,0.0,5515.0,6477.0,7.0,4046.0,5131.0,29.0,1469.0,1346.0,-22.0,0.0,6.0,1.0,0.0,2.0,1.0,7270.0,8544.0,10.0,5013.0,6544.0,37.0,2257.0,2000.0,-27.0,0.0,10.0,2.0,0.0,3.0,3.0
ESPORTSTMNT01/1212450,complete,https://matchhistory.na.leagueoflegends.com/en/#match-details/ESPORTSTMNT01/1212450?gameHash=cc1d0c2978799c6f,CT,2019,,1,2019-11-29 10:01:19,1,9.22,6,Red,top,Rubi0o,oe:player:d63c2f58526fc93451ff8b261d35556,Vodafone Giants Academy,oe:team:eb2c3286d3f7ae58bb118bbc87bab2c,Ryze,Pantheon,Gragas,Jayce,Camille,Ornn,,,,,,1504,0,0,5,1,5,18,0.0,0.0,0.0,0.0,0.0,0.0,0.0,1.0,0.1995,0.9176,,,,,,,,,,,,,,,,,,,,,,,,,,,,,,0.0,2.0,7262.0,289.7074,0.22397,448.2048,233.4973,15.0,0.5984,1.0,0.0399,8.0,23.0,0.9176,8359.0,5015.0,200.0665,0.240007,7700.0,,,217.0,209.0,8.0,4.0,0.0,8.6569,2806.0,4367.0,69.0,3559.0,4786.0,76.0,-753.0,-419.0,-7.0,0.0,0.0,2.0,0.0,2.0,0.0,4165.0,6450.0,103.0,6503.0,7629.0,125.0,-2338.0,-1179.0,-22.0,0.0,0.0,3.0,1.0,2.0,0.0,6028.0,9114.0,153.0,9004.0,9632.0,164.0,-2976.0,-518.0,-11.0,0.0,1.0,4.0,3.0,2.0,0.0,8351.0,12343.0,217.0,10702.0,11403.0,180.0,-2351.0,940.0,37.0,0.0,1.0,5.0,3.0,4.0,1.0
ESPORTSTMNT01/1212450,complete,https://matchhistory.na.leagueoflegends.com/en/#match-details/ESPORTSTMNT01/1212450?gameHash=cc1d0c2978799c6f,CT,2019,,1,2019-11-29 10:01:19,1,9.22,7,Red,jng,Nyx,oe:player:778fa012f6e60cd5df26483c1573b1e,Vodafone Giants Academy,oe:team:eb2c3286d3f7ae58bb118bbc87bab2c,Ekko,Pantheon,Gragas,Jayce,Camille,Ornn,,,,,,1504,0,0,3,3,5,18,0.0,0.0,0.0,0.0,0.0,0.0,0.0,0.0,0.1995,0.9176,,,,,,,,,,,,,,,,,,,,,,,,,,,,,,0.0,0.0,4887.0,194.9601,0.150722,576.3032,328.0452,18.0,0.7181,8.0,0.3191,9.0,34.0,1.3564,6685.0,3341.0,133.2846,0.159897,6275.0,,,109.0,26.0,83.0,57.0,7.0,4.3484,3006.0,3297.0,51.0,3700.0,3416.0,55.0,-694.0,-119.0,-4.0,0.0,1.0,0.0,2.0,0.0,0.0,4265.0,4753.0,75.0,5726.0,5822.0,85.0,-1461.0,-1069.0,-10.0,0.0,1.0,2.0,3.0,2.0,0.0,5657.0,6823.0,99.0,7107.0,7138.0,97.0,-1450.0,-315.0,2.0,0.0,2.0,2.0,3.0,5.0,1.0,6677.0,7952.0,109.0,9097.0,10201.0,121.0,-2420.0,-2249.0,-12.0,0.0,3.0,3.0,3.0,8.0,1.0
ESPORTSTMNT01/1212450,complete,https://matchhistory.na.leagueoflegends.com/en/#match-details/ESPORTSTMNT01/1212450?gameHash=cc1d0c2978799c6f,CT,2019,,1,2019-11-29 10:01:19,1,9.22,8,Red,mid,Javier,oe:player:ab02fceb9689114b1cd1844e456c069,Vodafone Giants Academy,oe:team:eb2c3286d3f7ae58bb118bbc87bab2c,Veigar,Pantheon,Gragas,Jayce,Camille,Ornn,,,,,,1504,0,2,4,3,5,18,0.0,0.0,0.0,0.0,0.0,0.0,0.0,0.0,0.1995,0.9176,,,,,,,,,,,,,,,,,,,,,,,,,,,,,,0.0,0.0,6274.0,250.2926,0.193499,427.141,177.6064,9.0,0.359,5.0,0.1995,6.0,20.0,0.7979,8019.0,4675.0,186.5027,0.223736,7250.0,,,169.0,165.0,4.0,4.0,0.0,6.742,3424.0,4684.0,79.0,3141.0,4347.0,83.0,283.0,337.0,-4.0,1.0,0.0,0.0,0.0,0.0,1.0,4960.0,6968.0,121.0,5282.0,7109.0,141.0,-322.0,-141.0,-20.0,1.0,0.0,0.0,0.0,1.0,1.0,6278.0,8602.0,143.0,8057.0,10598.0,195.0,-1779.0,-1996.0,-52.0,1.0,2.0,2.0,2.0,1.0,1.0,8011.0,10343.0,169.0,10853.0,14378.0,244.0,-2842.0,-4035.0,-75.0,2.0,3.0,4.0,4.0,2.0,1.0
ESPORTSTMNT01/1212450,complete,https://matchhistory.na.leagueoflegends.com/en/#match-details/ESPORTSTMNT01/1212450?gameHash=cc1d0c2978799c6f,CT,2019,,1,2019-11-29 10:01:19,1,9.22,9,Red,bot,Ace,oe:player:73933848061d300bbe7293d9b38a2d4,Vodafone Giants Academy,oe:team:eb2c3286d3f7ae58bb118bbc87bab2c,Xayah,Pantheon,Gragas,Jayce,Camille,Ornn,,,,,,1504,0,3,3,0,5,18,0.0,0.0,0.0,0.0,0.0,0.0,0.0,0.0,0.1995,0.9176,,,,,,,,,,,,,,,,,,,,,,,,,,,,,,0.0,0.0,10865.0,433.4441,0.335091,432.0479,187.5,9.0,0.359,2.0,0.0798,2.0,18.0,0.7181,9530.0,6186.0,246.7819,0.296046,8700.0,,,192.0,185.0,7.0,6.0,0.0,7.6596,2787.0,2725.0,63.0,3310.0,3149.0,87.0,-523.0,-424.0,-24.0,0.0,0.0,0.0,0.0,0.0,0.0,4336.0,4507.0,99.0,6608.0,5631.0,137.0,-2272.0,-1124.0,-38.0,0.0,0.0,2.0,3.0,0.0,0.0,7308.0,6812.0,153.0,9000.0,8147.0,179.0,-1692.0,-1335.0,-26.0,2.0,0.0,2.0,3.0,3.0,0.0,9522.0,9056.0,192.0,12182.0,11870.0,202.0,-2660.0,-2814.0,-10.0,3.0,0.0,3.0,8.0,3.0,0.0
ESPORTSTMNT01/1212450,complete,https://matchhistory.na.leagueoflegends.com/en/#match-details/ESPORTSTMNT01/1212450?gameHash=cc1d0c2978799c6f,CT,2019,,1,2019-11-29 10:01:19,1,9.22,10,Red,sup,Viketox,oe:player:9179efed5ca80e55ed0ae365bf086f1,Vodafone Giants Academy,oe:team:eb2c3286d3f7ae58bb118bbc87bab2c,Leona,Pantheon,Gragas,Jayce,Camille,Ornn,,,,,,1504,0,0,3,3,5,18,0.0,0.0,0.0,0.0,0.0,0.0,0.0,0.0,0.1995,0.9176,,,,,,,,,,,,,,,,,,,,,,,,,,,,,,0.0,0.0,3136.0,125.1064,0.0967185,492.0479,472.5399,35.0,1.3963,6.0,0.2394,13.0,54.0,2.1543,5022.0,1678.0,66.9415,0.0803132,4775.0,,,37.0,37.0,0.0,0.0,0.0,1.4761,1932.0,2443.0,13.0,2215.0,2930.0,2.0,-283.0,-487.0,11.0,0.0,0.0,0.0,0.0,0.0,0.0,2808.0,3114.0,18.0,3915.0,5002.0,5.0,-1107.0,-1888.0,13.0,0.0,0.0,0.0,0.0,4.0,0.0,4046.0,5131.0,29.0,5515.0,6477.0,7.0,-1469.0,-1346.0,22.0,0.0,2.0,1.0,0.0,6.0,1.0,5013.0,6544.0,37.0,7270.0,8544.0,10.0,-2257.0,-2000.0,27.0,0.0,3.0,3.0,0.0,10.0,2.0
ESPORTSTMNT01/1212450,complete,https://matchhistory.na.leagueoflegends.com/en/#match-details/ESPORTSTMNT01/1212450?gameHash=cc1d0c2978799c6f,CT,2019,,1,2019-11-29 10:01:19,1,9.22,100,Blue,team,,,S2V Esports Academy,oe:team:c14015eb860f145768d4368ba5c6349,,Elise,Thresh,Qiyana,Lee Sin,Jarvan IV,Senna,Cassiopeia,Morgana,Sejuani,Renekton,1504,1,18,5,27,18,5,5.0,1.0,0.0,0.0,1.0,,,,0.7181,0.9176,1.0,4.0,0.0,,,1.0,0.0,0.0,3.0,,,,0.0,0.0,1.0,1.0,0.0,,,1.0,1.0,0.0,1.0,9.0,2.0,1.0,1.0,,,2.0,0.0,44816.0,1787.8723,,2719.7473,1819.5878,72.0,2.8723,35.0,1.3963,36.0,156.0,6.2234,50146.0,33427.0,1333.5239,,44420.0,0.245703,5.18,,599.0,158.0,87.0,25.0,30.1995,15925.0,18628.0,303.0,13955.0,17516.0,275.0,1970.0,1112.0,28.0,2.0,2.0,1.0,1.0,1.0,2.0,28034.0,31193.0,493.0,20534.0,25792.0,416.0,7500.0,5401.0,77.0,7.0,9.0,1.0,1.0,1.0,7.0,38683.0,41992.0,642.0,29317.0,36482.0,577.0,9366.0,5510.0,65.0,11.0,17.0,3.0,3.0,7.0,11.0,50104.0,56396.0,757.0,37574.0,46238.0,724.0,12530.0,10158.0,33.0,18.0,27.0,5.0,5.0,10.0,18.0
ESPORTSTMNT01/1212450,complete,https://matchhistory.na.leagueoflegends.com/en/#match-details/ESPORTSTMNT01/1212450?gameHash=cc1d0c2978799c6f,CT,2019,,1,2019-11-29 10:01:19,1,9.22,200,Red,team,,,Vodafone Giants Academy,oe:team:eb2c3286d3f7ae58bb118bbc87bab2c,,Pantheon,Gragas,Jayce,Camille,Ornn,Xayah,Ryze,Leona,Ekko,Veigar,1504,0,5,18,10,5,18,0.0,0.0,0.0,0.0,0.0,,,,0.1995,0.9176,0.0,0.0,4.0,,,0.0,0.0,0.0,0.0,,,,0.0,0.0,0.0,0.0,1.0,,,0.0,0.0,1.0,0.0,2.0,9.0,0.0,0.0,,,0.0,2.0,32424.0,1293.5106,,2375.7447,1399.1888,86.0,3.4309,22.0,0.8777,38.0,149.0,5.9441,37615.0,20896.0,833.617,,34700.0,-0.245703,-5.18,,622.0,102.0,71.0,7.0,28.883,13955.0,17516.0,275.0,15925.0,18628.0,303.0,-1970.0,-1112.0,-28.0,1.0,1.0,2.0,2.0,2.0,1.0,20534.0,25792.0,416.0,28034.0,31193.0,493.0,-7500.0,-5401.0,-77.0,1.0,1.0,7.0,7.0,9.0,1.0,29317.0,36482.0,577.0,38683.0,41992.0,642.0,-9366.0,-5510.0,-65.0,3.0,7.0,11.0,11.0,17.0,3.0,37574.0,46238.0,724.0,50104.0,56396.0,757.0,-12530.0,-10158.0,-33.0,5.0,10.0,18.0,18.0,27.0,5.0
ESPORTSTMNT01/1212452,complete,https://matchhistory.na.leagueoflegends.com/en/#match-details/ESPORTSTMNT01/1212452?gameHash=90410040b3759fac,CT,2019,,1,2019-11-29 10:57:33,2,9.22,1,Blue,top,Rubi0o,oe:player:d63c2f58526fc93451ff8b261d35556,Vodafone Giants Academy,oe:team:eb2c3286d3f7ae58bb118bbc87bab2c,Cho'Gath,Pantheon,Morgana,Jayce,Renekton,Camille,,,,,,1801,1,1,1,6,13,6,0.0,0.0,0.0,0.0,1.0,0.0,1.0,0.0,0.4331,0.633,,,,,,,,,,,,,,,,,,,,,,,,,,,,,,0.0,0.0,9384.0,312.6263,0.176507,591.6713,695.7468,14.0,0.4664,4.0,0.1333,5.0,30.0,0.9994,10830.0,6880.0,229.206,0.199068,9645.0,,,237.0,234.0,3.0,2.0,0.0,7.8956,3453.0,4516.0,78.0,3276.0,3994.0,54.0,177.0,522.0,24.0,0.0,1.0,1.0,2.0,0.0,1.0,4882.0,6923.0,116.0,4973.0,6708.0,104.0,-91.0,215.0,12.0,0.0,1.0,1.0,2.0,0.0,1.0,6670.0,9775.0,161.0,7290.0,9273.0,157.0,-620.0,502.0,4.0,0.0,1.0,1.0,2.0,0.0,1.0,8715.0,12555.0,208.0,10956.0,13306.0,211.0,-2241.0,-751.0,-3.0,1.0,1.0,1.0,3.0,0.0,1.0
ESPORTSTMNT01/1212452,complete,https://matchhistory.na.leagueoflegends.com/en/#match-details/ESPORTSTMNT01/1212452?gameHash=90410040b3759fac,CT,2019,,1,2019-11-29 10:57:33,2,9.22,2,Blue,jng,Nyx,oe:player:778fa012f6e60cd5df26483c1573b1e,Vodafone Giants Academy,oe:team:eb2c3286d3f7ae58bb118bbc87bab2c,Poppy,Pantheon,Morgana,Jayce,Renekton,Camille,,,,,,1801,1,1,2,5,13,6,0.0,0.0,0.0,0.0,1.0,0.0,1.0,0.0,0.4331,0.633,,,,,,,,,,,,,,,,,,,,,,,,,,,,,,0.0,0.0,4118.0,137.1904,0.077457,475.3692,643.7424,36.0,1.1993,12.0,0.3998,16.0,66.0,2.1988,8875.0,4925.0,164.0755,0.142505,8400.0,,,126.0,26.0,100.0,79.0,4.0,4.1977,2740.0,2755.0,37.0,3208.0,3308.0,66.0,-468.0,-553.0,-29.0,0.0,1.0,1.0,0.0,0.0,0.0,4604.0,4931.0,69.0,4813.0,5157.0,101.0,-209.0,-226.0,-32.0,1.0,1.0,1.0,0.0,0.0,0.0,5972.0,6648.0,88.0,6035.0,6750.0,123.0,-63.0,-102.0,-35.0,1.0,1.0,1.0,0.0,0.0,0.0,7173.0,8811.0,98.0,8078.0,9689.0,143.0,-905.0,-878.0,-45.0,1.0,4.0,2.0,0.0,4.0,2.0
ESPORTSTMNT01/1212452,complete,https://matchhistory.na.leagueoflegends.com/en/#match-details/ESPORTSTMNT01/1212452?gameHash=90410040b3759fac,CT,2019,,1,2019-11-29 10:57:33,2,9.22,3,Blue,mid,Javier,oe:player:ab02fceb9689114b1cd1844e456c069,Vodafone Giants Academy,oe:team:eb2c3286d3f7ae58bb118bbc87bab2c,Syndra,Pantheon,Morgana,Jayce,Renekton,Camille,,,,,,1801,1,2,1,9,13,6,0.0,0.0,0.0,0.0,1.0,1.0,0.0,0.0,0.4331,0.633,,,,,,,,,,,,,,,,,,,,,,,,,,,,,,1.0,0.0,15877.0,528.9395,0.298636,231.7712,104.7418,18.0,0.5997,5.0,0.1666,12.0,32.0,1.0661,12932.0,8982.0,299.2338,0.259885,12425.0,,,283.0,259.0,24.0,16.0,0.0,9.4281,3687.0,4725.0,92.0,3481.0,4799.0,88.0,206.0,-74.0,4.0,1.0,0.0,0.0,0.0,1.0,0.0,5944.0,7843.0,157.0,4935.0,7329.0,131.0,1009.0,514.0,26.0,1.0,0.0,0.0,0.0,1.0,1.0,7947.0,10156.0,203.0,6773.0,10128.0,182.0,1174.0,28.0,21.0,1.0,0.0,0.0,0.0,1.0,1.0,10256.0,12259.0,236.0,9910.0,13264.0,218.0,346.0,-1005.0,18.0,2.0,4.0,1.0,2.0,3.0,1.0
ESPORTSTMNT01/1212452,complete,https://matchhistory.na.leagueoflegends.com/en/#match-details/ESPORTSTMNT01/1212452?gameHash=90410040b3759fac,CT,2019,,1,2019-11-29 10:57:33,2,9.22,4,Blue,bot,Ace,oe:player:73933848061d300bbe7293d9b38a2d4,Vodafone Giants Academy,oe:team:eb2c3286d3f7ae58bb118bbc87bab2c,Sivir,Pantheon,Morgana,Jayce,Renekton,Camille,,,,,,1801,1,9,2,2,13,6,2.0,1.0,0.0,0.0,0.0,0.0,0.0,0.0,0.4331,0.633,,,,,,,,,,,,,,,,,,,,,,,,,,,,,,0.0,0.0,20745.0,691.116,0.3902,350.9384,261.8545,11.0,0.3665,2.0,0.0666,2.0,25.0,0.8329,14641.0,10691.0,356.1688,0.309331,13300.0,,,244.0,222.0,22.0,18.0,0.0,8.1288,3097.0,3011.0,78.0,3261.0,3347.0,87.0,-164.0,-336.0,-9.0,0.0,0.0,0.0,0.0,0.0,0.0,5455.0,5142.0,122.0,5060.0,5591.0,141.0,395.0,-449.0,-19.0,0.0,0.0,0.0,0.0,0.0,0.0,7875.0,7888.0,182.0,7125.0,7989.0,202.0,750.0,-101.0,-20.0,0.0,0.0,0.0,0.0,0.0,0.0,10404.0,10080.0,210.0,10007.0,10985.0,245.0,397.0,-905.0,-35.0,3.0,2.0,2.0,1.0,2.0,1.0
ESPORTSTMNT01/1212452,complete,https://matchhistory.na.leagueoflegends.com/en/#match-details/ESPORTSTMNT01/1212452?gameHash=90410040b3759fac,CT,2019,,1,2019-11-29 10:57:33,2,9.22,5,Blue,sup,Viketox,oe:player:9179efed5ca80e55ed0ae365bf086f1,Vodafone Giants Academy,oe:team:eb2c3286d3f7ae58bb118bbc87bab2c,Rakan,Pantheon,Morgana,Jayce,Renekton,Camille,,,,,,1801,1,0,0,8,13,6,0.0,0.0,0.0,0.0,0.0,0.0,0.0,0.0,0.4331,0.633,,,,,,,,,,,,,,,,,,,,,,,,,,,,,,0.0,0.0,3041.0,101.3104,0.0571993,148.6841,293.3703,37.0,1.2326,13.0,0.4331,8.0,76.0,2.5319,7033.0,3083.0,102.7096,0.0892104,6200.0,,,16.0,16.0,0.0,0.0,0.0,0.533,2118.0,2907.0,3.0,2140.0,2842.0,2.0,-22.0,65.0,1.0,0.0,0.0,0.0,0.0,0.0,0.0,3130.0,3874.0,5.0,3149.0,3732.0,3.0,-19.0,142.0,2.0,0.0,1.0,0.0,0.0,0.0,0.0,4032.0,4189.0,6.0,4243.0,5285.0,9.0,-211.0,-1096.0,-3.0,0.0,1.0,0.0,0.0,0.0,0.0,5303.0,6275.0,13.0,5891.0,7327.0,12.0,-588.0,-1052.0,1.0,0.0,3.0,0.0,0.0,3.0,2.0
ESPORTSTMNT01/1212452,complete,https://matchhistory.na.leagueoflegends.com/en/#match-details/ESPORTSTMNT01/1212452?gameHash=90410040b3759fac,CT,2019,,1,2019-11-29 10:57:33,2,9.22,6,Red,top,Oscarinin,oe:player:be9758f87345bcce47970a8f17b3c07,S2V Esports Academy,oe:team:c14015eb860f145768d4368ba5c6349,Fiora,Gragas,Xayah,Senna,Varus,Caitlyn,,,,,,1801,0,3,3,0,6,13,1.0,0.0,0.0,0.0,0.0,0.0,0.0,1.0,0.1999,0.633,,,,,,,,,,,,,,,,,,,,,,,,,,,,,,0.0,0.0,11981.0,399.1449,0.339694,849.2948,846.0966,17.0,0.5664,5.0,0.1666,8.0,36.0,1.1993,12897.0,8947.0,298.0677,0.274191,13133.0,,,241.0,220.0,21.0,11.0,4.0,8.0289,3276.0,3994.0,54.0,3453.0,4516.0,78.0,-177.0,-522.0,-24.0,2.0,0.0,1.0,0.0,1.0,1.0,4973.0,6708.0,104.0,4882.0,6923.0,116.0,91.0,-215.0,-12.0,2.0,0.0,1.0,0.0,1.0,1.0,7290.0,9273.0,157.0,6670.0,9775.0,161.0,620.0,-502.0,-4.0,2.0,0.0,1.0,0.0,1.0,1.0,10956.0,13306.0,211.0,8715.0,12555.0,208.0,2241.0,751.0,3.0,3.0,0.0,1.0,1.0,1.0,1.0
ESPORTSTMNT01/1212452,complete,https://matchhistory.na.leagueoflegends.com/en/#match-details/ESPORTSTMNT01/1212452?gameHash=90410040b3759fac,CT,2019,,1,2019-11-29 10:57:33,2,9.22,7,Red,jng,Jorx,oe:player:2d8d532cbcd9a4122f3aa4f5c231661,S2V Esports Academy,oe:team:c14015eb860f145768d4368ba5c6349,Jarvan IV,Gragas,Xayah,Senna,Varus,Caitlyn,,,,,,1801,0,0,4,4,6,13,0.0,0.0,0.0,0.0,0.0,0.0,0.0,0.0,0.1999,0.633,,,,,,,,,,,,,,,,,,,,,,,,,,,,,,0.0,0.0,4116.0,137.1238,0.1167,865.3526,794.4919,11.0,0.3665,13.0,0.4331,11.0,49.0,1.6324,9355.0,5405.0,180.0666,0.165647,9025.0,,,162.0,28.0,134.0,86.0,12.0,5.397,3208.0,3308.0,66.0,2740.0,2755.0,37.0,468.0,553.0,29.0,0.0,0.0,0.0,0.0,1.0,1.0,4813.0,5157.0,101.0,4604.0,4931.0,69.0,209.0,226.0,32.0,0.0,0.0,0.0,1.0,1.0,1.0,6035.0,6750.0,123.0,5972.0,6648.0,88.0,63.0,102.0,35.0,0.0,0.0,0.0,1.0,1.0,1.0,8078.0,9689.0,143.0,7173.0,8811.0,98.0,905.0,878.0,45.0,0.0,4.0,2.0,1.0,4.0,2.0
ESPORTSTMNT01/1212452,complete,https://matchhistory.na.leagueoflegends.com/en/#match-details/ESPORTSTMNT01/1212452?gameHash=90410040b3759fac,CT,2019,,1,2019-11-29 10:57:33,2,9.22,8,Red,mid,FeeNiixZ,oe:player:2ce40d4fbbf0ead33ca1614540f4479,S2V Esports Academy,oe:team:c14015eb860f145768d4368ba5c6349,Akali,Gragas,Xayah,Senna,Varus,Caitlyn,,,,,,1801,0,2,3,3,6,13,0.0,0.0,0.0,0.0,0.0,0.0,0.0,0.0,0.1999,0.633,,,,,,,,,,,,,,,,,,,,,,,,,,,,,,0.0,1.0,9256.0,308.362,0.262433,641.377,402.2765,6.0,0.1999,4.0,0.1333,4.0,25.0,0.8329,11218.0,7268.0,242.1321,0.222739,10700.0,,,242.0,221.0,21.0,15.0,0.0,8.0622,3481.0,4799.0,88.0,3687.0,4725.0,92.0,-206.0,74.0,-4.0,0.0,1.0,0.0,1.0,0.0,0.0,4935.0,7329.0,131.0,5944.0,7843.0,157.0,-1009.0,-514.0,-26.0,0.0,1.0,1.0,1.0,0.0,0.0,6773.0,10128.0,182.0,7947.0,10156.0,203.0,-1174.0,-28.0,-21.0,0.0,1.0,1.0,1.0,0.0,0.0,9910.0,13264.0,218.0,10256.0,12259.0,236.0,-346.0,1005.0,-18.0,2.0,3.0,1.0,2.0,4.0,1.0
ESPORTSTMNT01/1212452,complete,https://matchhistory.na.leagueoflegends.com/en/#match-details/ESPORTSTMNT01/1212452?gameHash=90410040b3759fac,CT,2019,,1,2019-11-29 10:57:33,2,9.22,9,Red,bot,Supa,oe:player:1223a0ed2bfab9b714c72d965df8133,S2V Esports Academy,oe:team:c14015eb860f145768d4368ba5c6349,Kai'Sa,Gragas,Xayah,Senna,Varus,Caitlyn,,,,,,1801,0,1,1,2,6,13,0.0,0.0,0.0,0.0,0.0,0.0,0.0,0.0,0.1999,0.633,,,,,,,,,,,,,,,,,,,,,,,,,,,,,,0.0,0.0,7150.0,238.201,0.202722,408.9395,213.4814,7.0,0.2332,6.0,0.1999,3.0,20.0,0.6663,12045.0,8095.0,269.6835,0.248082,11775.0,,,291.0,274.0,17.0,8.0,0.0,9.6946,3261.0,3347.0,87.0,3097.0,3011.0,78.0,164.0,336.0,9.0,0.0,0.0,0.0,0.0,0.0,0.0,5060.0,5591.0,141.0,5455.0,5142.0,122.0,-395.0,449.0,19.0,0.0,0.0,0.0,0.0,0.0,0.0,7125.0,7989.0,202.0,7875.0,7888.0,182.0,-750.0,101.0,20.0,0.0,0.0,0.0,0.0,0.0,0.0,10007.0,10985.0,245.0,10404.0,10080.0,210.0,-397.0,905.0,35.0,1.0,2.0,1.0,3.0,2.0,2.0
ESPORTSTMNT01/1212452,complete,https://matchhistory.na.leagueoflegends.com/en/#match-details/ESPORTSTMNT01/1212452?gameHash=90410040b3759fac,CT,2019,,1,2019-11-29 10:57:33,2,9.22,10,Red,sup,Aesenar,oe:player:48dcc42a868c5b2493c7a4eb1131332,S2V Esports Academy,oe:team:c14015eb860f145768d4368ba5c6349,Thresh,Gragas,Xayah,Senna,Varus,Caitlyn,,,,,,1801,0,0,2,3,6,13,0.0,0.0,0.0,0.0,0.0,0.0,0.0,0.0,0.1999,0.633,,,,,,,,,,,,,,,,,,,,,,,,,,,,,,0.0,0.0,2767.0,92.1821,0.0784519,275.5136,251.4936,53.0,1.7657,11.0,0.3665,16.0,81.0,2.6985,6865.0,2915.0,97.1127,0.0893411,6500.0,,,12.0,12.0,0.0,0.0,0.0,0.3998,2140.0,2842.0,2.0,2118.0,2907.0,3.0,22.0,-65.0,-1.0,0.0,0.0,0.0,0.0,0.0,0.0,3149.0,3732.0,3.0,3130.0,3874.0,5.0,19.0,-142.0,-2.0,0.0,0.0,0.0,0.0,1.0,0.0,4243.0,5285.0,9.0,4032.0,4189.0,6.0,211.0,1096.0,3.0,0.0,0.0,0.0,0.0,1.0,0.0,5891.0,7327.0,12.0,5303.0,6275.0,13.0,588.0,1052.0,-1.0,0.0,3.0,2.0,0.0,3.0,0.0
ESPORTSTMNT01/1212452,complete,https://matchhistory.na.leagueoflegends.com/en/#match-details/ESPORTSTMNT01/1212452?gameHash=90410040b3759fac,CT,2019,,1,2019-11-29 10:57:33,2,9.22,100,Blue,team,,,Vodafone Giants Academy,oe:team:eb2c3286d3f7ae58bb118bbc87bab2c,,Pantheon,Morgana,Jayce,Renekton,Camille,Syndra,Poppy,Rakan,Sivir,Cho'Gath,1801,1,13,6,30,13,6,2.0,1.0,0.0,0.0,1.0,,,,0.4331,0.633,0.0,1.0,4.0,,,1.0,0.0,0.0,0.0,,,,0.0,0.0,1.0,1.0,0.0,,,0.0,1.0,1.0,1.0,7.0,7.0,1.0,1.0,,,1.0,0.0,53165.0,1771.1827,,1798.4342,1999.4559,116.0,3.8645,36.0,1.1993,43.0,229.0,7.6291,54311.0,34563.0,1151.4603,,49970.0,-0.0230062,-0.12,,757.0,149.0,115.0,4.0,30.1832,15095.0,17914.0,288.0,15366.0,18290.0,297.0,-271.0,-376.0,-9.0,1.0,2.0,2.0,2.0,1.0,1.0,24015.0,28713.0,469.0,22930.0,28517.0,480.0,1085.0,196.0,-11.0,2.0,3.0,2.0,2.0,1.0,2.0,32496.0,38656.0,640.0,31466.0,39425.0,673.0,1030.0,-769.0,-33.0,2.0,3.0,2.0,2.0,1.0,2.0,41851.0,49980.0,765.0,44842.0,54571.0,829.0,-2991.0,-4591.0,-64.0,7.0,14.0,6.0,6.0,12.0,7.0
ESPORTSTMNT01/1212452,complete,https://matchhistory.na.leagueoflegends.com/en/#match-details/ESPORTSTMNT01/1212452?gameHash=90410040b3759fac,CT,2019,,1,2019-11-29 10:57:33,2,9.22,200,Red,team,,,S2V Esports Academy,oe:team:c14015eb860f145768d4368ba5c6349,,Gragas,Xayah,Senna,Varus,Caitlyn,Jarvan IV,Thresh,Kai'Sa,Akali,Fiora,1801,0,6,13,12,6,13,1.0,0.0,0.0,0.0,0.0,,,,0.1999,0.633,1.0,4.0,1.0,,,1.0,1.0,0.0,2.0,,,,0.0,0.0,0.0,0.0,1.0,,,1.0,1.0,1.0,0.0,7.0,7.0,0.0,0.0,,,0.0,1.0,35270.0,1175.0139,,3040.4775,2507.8401,94.0,3.1316,39.0,1.2993,42.0,211.0,7.0294,52380.0,32632.0,1087.1294,,51133.0,0.0230062,0.12,,755.0,193.0,120.0,16.0,31.5825,15366.0,18290.0,297.0,15095.0,17914.0,288.0,271.0,376.0,9.0,2.0,1.0,1.0,1.0,2.0,2.0,22930.0,28517.0,480.0,24015.0,28713.0,469.0,-1085.0,-196.0,11.0,2.0,1.0,2.0,2.0,3.0,2.0,31466.0,39425.0,673.0,32496.0,38656.0,640.0,-1030.0,769.0,33.0,2.0,1.0,2.0,2.0,3.0,2.0,44842.0,54571.0,829.0,41851.0,49980.0,765.0,2991.0,4591.0,64.0,6.0,12.0,7.0,7.0,14.0,6.0
ESPORTSTMNT01/1212455,complete,https://matchhistory.na.leagueoflegends.com/en/#match-details/ESPORTSTMNT01/1212455?gameHash=b1a9161b14a67be9,CT,2019,,1,2019-11-29 11:51:47,3,9.22,1,Blue,top,Oscarinin,oe:player:be9758f87345bcce47970a8f17b3c07,S2V Esports Academy,oe:team:c14015eb860f145768d4368ba5c6349,Ryze,Elise,Thresh,Qiyana,Blitzcrank,Sivir,,,,,,2019,0,3,3,1,5,15,1.0,1.0,0.0,0.0,0.0,0.0,0.0,0.0,0.1486,0.5944,,,,,,,,,,,,,,,,,,,,,,,,,,,,,,0.0,1.0,16417.0,487.8752,0.259287,535.899,298.841,17.0,0.5052,7.0,0.208,9.0,26.0,0.7727,13426.0,9032.0,268.4101,0.285475,10875.0,,,293.0,264.0,29.0,19.0,0.0,8.7073,3027.0,4412.0,77.0,3322.0,4265.0,85.0,-295.0,147.0,-8.0,0.0,0.0,0.0,0.0,1.0,0.0,5023.0,7141.0,125.0,5008.0,7005.0,131.0,15.0,136.0,-6.0,0.0,0.0,0.0,0.0,1.0,0.0,7035.0,9861.0,182.0,6555.0,9031.0,161.0,480.0,830.0,21.0,0.0,0.0,0.0,0.0,1.0,0.0,8556.0,11735.0,223.0,7948.0,11371.0,189.0,608.0,364.0,34.0,0.0,0.0,1.0,0.0,2.0,0.0
ESPORTSTMNT01/1212455,complete,https://matchhistory.na.leagueoflegends.com/en/#match-details/ESPORTSTMNT01/1212455?gameHash=b1a9161b14a67be9,CT,2019,,1,2019-11-29 11:51:47,3,9.22,2,Blue,jng,Jorx,oe:player:2d8d532cbcd9a4122f3aa4f5c231661,S2V Esports Academy,oe:team:c14015eb860f145768d4368ba5c6349,Trundle,Elise,Thresh,Qiyana,Blitzcrank,Sivir,,,,,,2019,0,0,4,0,5,15,0.0,0.0,0.0,0.0,0.0,0.0,0.0,0.0,0.1486,0.5944,,,,,,,,,,,,,,,,,,,,,,,,,,,,,,0.0,0.0,1956.0,58.1278,0.0308927,814.1753,493.1649,14.0,0.416,18.0,0.5349,15.0,52.0,1.5453,8200.0,3806.0,113.1055,0.12029,7925.0,,,133.0,33.0,100.0,69.0,0.0,3.9525,2905.0,2896.0,51.0,3039.0,3201.0,54.0,-134.0,-305.0,-3.0,0.0,0.0,0.0,0.0,1.0,0.0,4223.0,4325.0,73.0,5000.0,5363.0,76.0,-777.0,-1038.0,-3.0,0.0,0.0,0.0,1.0,2.0,0.0,5493.0,6163.0,96.0,6406.0,6866.0,94.0,-913.0,-703.0,2.0,0.0,0.0,1.0,1.0,3.0,0.0,6448.0,7074.0,109.0,7526.0,8521.0,109.0,-1078.0,-1447.0,0.0,0.0,0.0,2.0,1.0,3.0,0.0
ESPORTSTMNT01/1212455,complete,https://matchhistory.na.leagueoflegends.com/en/#match-details/ESPORTSTMNT01/1212455?gameHash=b1a9161b14a67be9,CT,2019,,1,2019-11-29 11:51:47,3,9.22,3,Blue,mid,FeeNiixZ,oe:player:2ce40d4fbbf0ead33ca1614540f4479,S2V Esports Academy,oe:team:c14015eb860f145768d4368ba5c6349,Orianna,Elise,Thresh,Qiyana,Blitzcrank,Sivir,,,,,,2019,0,1,1,3,5,15,0.0,0.0,0.0,0.0,0.0,0.0,0.0,0.0,0.1486,0.5944,,,,,,,,,,,,,,,,,,,,,,,,,,,,,,0.0,0.0,20505.0,609.3611,0.323852,387.6969,208.0832,12.0,0.3566,11.0,0.3269,6.0,25.0,0.7429,12054.0,7660.0,227.6374,0.242109,12000.0,,,321.0,291.0,30.0,27.0,0.0,9.5394,3313.0,4628.0,92.0,3060.0,4669.0,74.0,253.0,-41.0,18.0,0.0,0.0,0.0,0.0,2.0,0.0,5481.0,7489.0,141.0,5356.0,7022.0,120.0,125.0,467.0,21.0,1.0,0.0,0.0,1.0,2.0,0.0,7408.0,10282.0,199.0,7522.0,9621.0,169.0,-114.0,661.0,30.0,1.0,0.0,0.0,2.0,2.0,0.0,8984.0,12076.0,247.0,9055.0,11012.0,196.0,-71.0,1064.0,51.0,1.0,0.0,0.0,3.0,2.0,0.0
ESPORTSTMNT01/1212455,complete,https://matchhistory.na.leagueoflegends.com/en/#match-details/ESPORTSTMNT01/1212455?gameHash=b1a9161b14a67be9,CT,2019,,1,2019-11-29 11:51:47,3,9.22,4,Blue,bot,Supa,oe:player:1223a0ed2bfab9b714c72d965df8133,S2V Esports Academy,oe:team:c14015eb860f145768d4368ba5c6349,Senna,Elise,Thresh,Qiyana,Blitzcrank,Sivir,,,,,,2019,0,1,3,2,5,15,0.0,0.0,0.0,0.0,0.0,0.0,0.0,0.0,0.1486,0.5944,,,,,,,,,,,,,,,,,,,,,,,,,,,,,,0.0,1.0,20706.0,615.3343,0.327026,567.4889,297.4146,8.0,0.2377,10.0,0.2972,3.0,33.0,0.9807,12237.0,7843.0,233.0758,0.247893,11725.0,,,271.0,263.0,8.0,4.0,0.0,8.0535,3666.0,3027.0,87.0,4044.0,3049.0,76.0,-378.0,-22.0,11.0,0.0,0.0,1.0,2.0,0.0,0.0,5379.0,4980.0,131.0,6177.0,5482.0,127.0,-798.0,-502.0,4.0,0.0,1.0,2.0,2.0,1.0,1.0,7256.0,6897.0,184.0,8252.0,7511.0,176.0,-996.0,-614.0,8.0,0.0,1.0,2.0,2.0,1.0,1.0,8824.0,8329.0,218.0,11022.0,10159.0,237.0,-2198.0,-1830.0,-19.0,0.0,1.0,2.0,3.0,1.0,1.0
ESPORTSTMNT01/1212455,complete,https://matchhistory.na.leagueoflegends.com/en/#match-details/ESPORTSTMNT01/1212455?gameHash=b1a9161b14a67be9,CT,2019,,1,2019-11-29 11:51:47,3,9.22,5,Blue,sup,Aesenar,oe:player:48dcc42a868c5b2493c7a4eb1131332,S2V Esports Academy,oe:team:c14015eb860f145768d4368ba5c6349,Tahm Kench,Elise,Thresh,Qiyana,Blitzcrank,Sivir,,,,,,2019,0,0,4,5,5,15,0.0,0.0,0.0,0.0,0.0,0.0,0.0,1.0,0.1486,0.5944,,,,,,,,,,,,,,,,,,,,,,,,,,,,,,0.0,1.0,3732.0,110.9064,0.0589424,620.5646,747.3105,44.0,1.3076,10.0,0.2972,15.0,66.0,1.9614,7692.0,3298.0,98.0089,0.104233,6925.0,,,83.0,83.0,0.0,0.0,0.0,2.4666,2089.0,2997.0,15.0,2031.0,2486.0,1.0,58.0,511.0,14.0,0.0,0.0,1.0,0.0,2.0,0.0,3288.0,4841.0,32.0,3215.0,3624.0,1.0,73.0,1217.0,31.0,0.0,1.0,2.0,0.0,3.0,0.0,4291.0,6636.0,43.0,4217.0,4931.0,1.0,74.0,1705.0,42.0,0.0,1.0,2.0,0.0,3.0,0.0,5339.0,7776.0,56.0,5628.0,6702.0,8.0,-289.0,1074.0,48.0,0.0,1.0,2.0,0.0,5.0,0.0
ESPORTSTMNT01/1212455,complete,https://matchhistory.na.leagueoflegends.com/en/#match-details/ESPORTSTMNT01/1212455?gameHash=b1a9161b14a67be9,CT,2019,,1,2019-11-29 11:51:47,3,9.22,6,Red,top,Rubi0o,oe:player:d63c2f58526fc93451ff8b261d35556,Vodafone Giants Academy,oe:team:eb2c3286d3f7ae58bb118bbc87bab2c,Cho'Gath,Pantheon,Gragas,Morgana,Olaf,Renekton,,,,,,2019,1,1,1,7,15,5,0.0,0.0,0.0,0.0,0.0,0.0,0.0,0.0,0.4458,0.5944,,,,,,,,,,,,,,,,,,,,,,,,,,,,,,1.0,0.0,7908.0,235.0074,0.113229,981.367,872.1842,18.0,0.5349,1.0,0.0297,9.0,35.0,1.0401,11450.0,7056.0,209.688,0.180077,10095.0,,,226.0,206.0,20.0,8.0,0.0,6.7162,3322.0,4265.0,85.0,3027.0,4412.0,77.0,295.0,-147.0,8.0,0.0,1.0,0.0,0.0,0.0,0.0,5008.0,7005.0,131.0,5023.0,7141.0,125.0,-15.0,-136.0,6.0,0.0,1.0,0.0,0.0,0.0,0.0,6555.0,9031.0,161.0,7035.0,9861.0,182.0,-480.0,-830.0,-21.0,0.0,1.0,0.0,0.0,0.0,0.0,7948.0,11371.0,189.0,8556.0,11735.0,223.0,-608.0,-364.0,-34.0,0.0,2.0,0.0,0.0,0.0,1.0
ESPORTSTMNT01/1212455,complete,https://matchhistory.na.leagueoflegends.com/en/#match-details/ESPORTSTMNT01/1212455?gameHash=b1a9161b14a67be9,CT,2019,,1,2019-11-29 11:51:47,3,9.22,7,Red,jng,Nyx,oe:player:778fa012f6e60cd5df26483c1573b1e,Vodafone Giants Academy,oe:team:eb2c3286d3f7ae58bb118bbc87bab2c,Poppy,Pantheon,Gragas,Morgana,Olaf,Renekton,,,,,,2019,1,1,1,7,15,5,0.0,0.0,0.0,0.0,0.0,0.0,0.0,0.0,0.4458,0.5944,,,,,,,,,,,,,,,,,,,,,,,,,,,,,,0.0,0.0,4285.0,127.3403,0.0613536,567.5186,683.3581,43.0,1.2779,14.0,0.416,16.0,89.0,2.6449,10174.0,5780.0,171.7682,0.147511,10000.0,,,126.0,26.0,100.0,76.0,4.0,3.7444,3039.0,3201.0,54.0,2905.0,2896.0,51.0,134.0,305.0,3.0,0.0,1.0,0.0,0.0,0.0,0.0,5000.0,5363.0,76.0,4223.0,4325.0,73.0,777.0,1038.0,3.0,1.0,2.0,0.0,0.0,0.0,0.0,6406.0,6866.0,94.0,5493.0,6163.0,96.0,913.0,703.0,-2.0,1.0,3.0,0.0,0.0,0.0,1.0,7526.0,8521.0,109.0,6448.0,7074.0,109.0,1078.0,1447.0,0.0,1.0,3.0,0.0,0.0,0.0,2.0
ESPORTSTMNT01/1212455,complete,https://matchhistory.na.leagueoflegends.com/en/#match-details/ESPORTSTMNT01/1212455?gameHash=b1a9161b14a67be9,CT,2019,,1,2019-11-29 11:51:47,3,9.22,8,Red,mid,Javier,oe:player:ab02fceb9689114b1cd1844e456c069,Vodafone Giants Academy,oe:team:eb2c3286d3f7ae58bb118bbc87bab2c,Syndra,Pantheon,Gragas,Morgana,Olaf,Renekton,,,,,,2019,1,6,0,7,15,5,0.0,0.0,0.0,0.0,1.0,0.0,1.0,0.0,0.4458,0.5944,,,,,,,,,,,,,,,,,,,,,,,,,,,,,,0.0,0.0,27053.0,803.9525,0.387351,347.8752,90.7281,20.0,0.5944,12.0,0.3566,9.0,49.0,1.4562,13120.0,8726.0,259.3165,0.2227,12250.0,,,247.0,231.0,16.0,12.0,4.0,7.3403,3060.0,4669.0,74.0,3313.0,4628.0,92.0,-253.0,41.0,-18.0,0.0,2.0,0.0,0.0,0.0,0.0,5356.0,7022.0,120.0,5481.0,7489.0,141.0,-125.0,-467.0,-21.0,1.0,2.0,0.0,1.0,0.0,0.0,7522.0,9621.0,169.0,7408.0,10282.0,199.0,114.0,-661.0,-30.0,2.0,2.0,0.0,1.0,0.0,0.0,9055.0,11012.0,196.0,8984.0,12076.0,247.0,71.0,-1064.0,-51.0,3.0,2.0,0.0,1.0,0.0,0.0
ESPORTSTMNT01/1212455,complete,https://matchhistory.na.leagueoflegends.com/en/#match-details/ESPORTSTMNT01/1212455?gameHash=b1a9161b14a67be9,CT,2019,,1,2019-11-29 11:51:47,3,9.22,9,Red,bot,Ace,oe:player:73933848061d300bbe7293d9b38a2d4,Vodafone Giants Academy,oe:team:eb2c3286d3f7ae58bb118bbc87bab2c,Miss Fortune,Pantheon,Gragas,Morgana,Olaf,Renekton,,,,,,2019,1,7,2,4,15,5,1.0,0.0,0.0,0.0,1.0,1.0,0.0,0.0,0.4458,0.5944,,,,,,,,,,,,,,,,,,,,,,,,,,,,,,1.0,0.0,25734.0,764.7548,0.368466,411.5899,426.5082,13.0,0.3863,17.0,0.5052,4.0,60.0,1.7831,18115.0,13721.0,407.7563,0.350184,14985.0,,,369.0,303.0,66.0,40.0,17.0,10.9658,4044.0,3049.0,76.0,3666.0,3027.0,87.0,378.0,22.0,-11.0,2.0,0.0,0.0,0.0,0.0,1.0,6177.0,5482.0,127.0,5379.0,4980.0,131.0,798.0,502.0,-4.0,2.0,1.0,1.0,0.0,1.0,2.0,8252.0,7511.0,176.0,7256.0,6897.0,184.0,996.0,614.0,-8.0,2.0,1.0,1.0,0.0,1.0,2.0,11022.0,10159.0,237.0,8824.0,8329.0,218.0,2198.0,1830.0,19.0,3.0,1.0,1.0,0.0,1.0,2.0
ESPORTSTMNT01/1212455,complete,https://matchhistory.na.leagueoflegends.com/en/#match-details/ESPORTSTMNT01/1212455?gameHash=b1a9161b14a67be9,CT,2019,,1,2019-11-29 11:51:47,3,9.22,10,Red,sup,Viketox,oe:player:9179efed5ca80e55ed0ae365bf086f1,Vodafone Giants Academy,oe:team:eb2c3286d3f7ae58bb118bbc87bab2c,Nami,Pantheon,Gragas,Morgana,Olaf,Renekton,,,,,,2019,1,0,1,12,15,5,0.0,0.0,0.0,0.0,1.0,0.0,1.0,0.0,0.4458,0.5944,,,,,,,,,,,,,,,,,,,,,,,,,,,,,,1.0,0.0,4861.0,144.4577,0.0696009,302.4071,112.5409,34.0,1.0104,10.0,0.2972,14.0,64.0,1.9019,8294.0,3900.0,115.899,0.0995283,6950.0,,,12.0,12.0,0.0,0.0,0.0,0.3566,2031.0,2486.0,1.0,2089.0,2997.0,15.0,-58.0,-511.0,-14.0,0.0,2.0,0.0,0.0,0.0,1.0,3215.0,3624.0,1.0,3288.0,4841.0,32.0,-73.0,-1217.0,-31.0,0.0,3.0,0.0,0.0,1.0,2.0,4217.0,4931.0,1.0,4291.0,6636.0,43.0,-74.0,-1705.0,-42.0,0.0,3.0,0.0,0.0,1.0,2.0,5628.0,6702.0,8.0,5339.0,7776.0,56.0,289.0,-1074.0,-48.0,0.0,5.0,0.0,0.0,1.0,2.0
ESPORTSTMNT01/1212455,complete,https://matchhistory.na.leagueoflegends.com/en/#match-details/ESPORTSTMNT01/1212455?gameHash=b1a9161b14a67be9,CT,2019,,1,2019-11-29 11:51:47,3,9.22,100,Blue,team,,,S2V Esports Academy,oe:team:c14015eb860f145768d4368ba5c6349,,Elise,Thresh,Qiyana,Blitzcrank,Sivir,Senna,Tahm Kench,Ryze,Trundle,Orianna,2019,0,5,15,11,5,15,1.0,1.0,0.0,0.0,0.0,,,,0.1486,0.5944,0.0,2.0,3.0,,,0.0,0.0,0.0,2.0,,,,0.0,0.0,0.0,0.0,1.0,,,0.0,0.0,1.0,0.0,1.0,11.0,0.0,0.0,,,0.0,3.0,63316.0,1881.6048,,2925.8247,2044.8143,95.0,2.8232,56.0,1.6642,48.0,202.0,6.003,53609.0,31637.0,940.1783,,49450.0,-0.0931264,-1.3,,934.0,167.0,119.0,0.0,32.7192,15000.0,17960.0,322.0,15496.0,17670.0,290.0,-496.0,290.0,32.0,0.0,0.0,2.0,2.0,6.0,0.0,23394.0,28776.0,502.0,24756.0,28496.0,455.0,-1362.0,280.0,47.0,1.0,2.0,4.0,4.0,9.0,1.0,31483.0,39839.0,704.0,32952.0,37960.0,601.0,-1469.0,1879.0,103.0,1.0,2.0,5.0,5.0,10.0,1.0,38151.0,46990.0,853.0,41179.0,47765.0,739.0,-3028.0,-775.0,114.0,1.0,2.0,7.0,7.0,13.0,1.0
ESPORTSTMNT01/1212455,complete,https://matchhistory.na.leagueoflegends.com/en/#match-details/ESPORTSTMNT01/1212455?gameHash=b1a9161b14a67be9,CT,2019,,1,2019-11-29 11:51:47,3,9.22,200,Red,team,,,Vodafone Giants Academy,oe:team:eb2c3286d3f7ae58bb118bbc87bab2c,,Pantheon,Gragas,Morgana,Olaf,Renekton,Syndra,Poppy,Cho'Gath,Miss Fortune,Nami,2019,1,15,5,37,15,5,1.0,0.0,0.0,0.0,1.0,,,,0.4458,0.5944,1.0,3.0,2.0,,,2.0,0.0,1.0,0.0,,,,0.0,0.0,1.0,1.0,0.0,,,1.0,1.0,0.0,1.0,11.0,1.0,1.0,1.0,,,3.0,0.0,69841.0,2075.5126,,2610.7578,2185.3195,128.0,3.8039,54.0,1.6048,52.0,297.0,8.8262,61153.0,39181.0,1164.3685,,54280.0,0.0931264,1.3,,778.0,202.0,136.0,25.0,29.1233,15496.0,17670.0,290.0,15000.0,17960.0,322.0,496.0,-290.0,-32.0,2.0,6.0,0.0,0.0,0.0,2.0,24756.0,28496.0,455.0,23394.0,28776.0,502.0,1362.0,-280.0,-47.0,4.0,9.0,1.0,1.0,2.0,4.0,32952.0,37960.0,601.0,31483.0,39839.0,704.0,1469.0,-1879.0,-103.0,5.0,10.0,1.0,1.0,2.0,5.0,41179.0,47765.0,739.0,38151.0,46990.0,853.0,3028.0,775.0,-114.0,7.0,13.0,1.0,1.0,2.0,7.0
ESPORTSTMNT01/1212584,complete,https://matchhistory.na.leagueoflegends.com/en/#match-details/ESPORTSTMNT01/1212584?gameHash=8ff91ef340c9dff0,CT,2019,,1,2019-11-30 09:57:01,1,9.22,1,Blue,top,ItGox,oe:player:e3d9e95e31027019d241a231be08e33,Arena Quesito,oe:team:5a65820ae9d6b52452d469d0b4ffc29,Ornn,Zoe,Syndra,Morgana,Kayle,Shen,,,,,,2165,1,2,2,21,32,11,0.0,0.0,0.0,0.0,1.0,0.0,1.0,0.0,0.8868,1.1917,,,,,,,,,,,,,,,,,,,,,,,,,,,,,,0.0,0.0,19123.0,529.9677,0.221277,692.4804,971.612,16.0,0.4434,4.0,0.1109,6.0,37.0,1.0254,13285.0,8593.0,238.1432,0.182078,12950.0,,,225.0,221.0,4.0,1.0,0.0,6.2356,3610.0,4596.0,70.0,2933.0,4434.0,71.0,677.0,162.0,-1.0,1.0,4.0,0.0,0.0,2.0,1.0,5466.0,7595.0,115.0,4332.0,6519.0,105.0,1134.0,1076.0,10.0,1.0,5.0,0.0,0.0,2.0,2.0,7403.0,9738.0,147.0,5576.0,8277.0,128.0,1827.0,1461.0,19.0,1.0,8.0,0.0,0.0,4.0,3.0,9307.0,12260.0,186.0,7129.0,10529.0,165.0,2178.0,1731.0,21.0,2.0,8.0,0.0,0.0,4.0,4.0
ESPORTSTMNT01/1212584,complete,https://matchhistory.na.leagueoflegends.com/en/#match-details/ESPORTSTMNT01/1212584?gameHash=8ff91ef340c9dff0,CT,2019,,1,2019-11-30 09:57:01,1,9.22,2,Blue,jng,Palens,oe:player:2b0c84fdb14a35a7d36ca191b848dd2,Arena Quesito,oe:team:5a65820ae9d6b52452d469d0b4ffc29,Lee Sin,Zoe,Syndra,Morgana,Kayle,Shen,,,,,,2165,1,9,3,12,32,11,1.0,1.0,0.0,0.0,1.0,0.0,1.0,0.0,0.8868,1.1917,,,,,,,,,,,,,,,,,,,,,,,,,,,,,,0.0,0.0,14671.0,406.5866,0.169762,743.5566,810.0139,21.0,0.582,17.0,0.4711,12.0,63.0,1.746,13938.0,9246.0,256.2402,0.195915,11775.0,,,181.0,31.0,150.0,92.0,21.0,5.0162,3298.0,3394.0,48.0,2993.0,3117.0,55.0,305.0,277.0,-7.0,1.0,3.0,0.0,0.0,2.0,1.0,5178.0,5972.0,87.0,4407.0,4883.0,85.0,771.0,1089.0,2.0,2.0,3.0,0.0,0.0,2.0,1.0,7058.0,8296.0,112.0,6323.0,6733.0,110.0,735.0,1563.0,2.0,3.0,7.0,1.0,1.0,3.0,2.0,8145.0,9371.0,131.0,7210.0,7556.0,118.0,935.0,1815.0,13.0,3.0,7.0,1.0,1.0,3.0,2.0
ESPORTSTMNT01/1212584,complete,https://matchhistory.na.leagueoflegends.com/en/#match-details/ESPORTSTMNT01/1212584?gameHash=8ff91ef340c9dff0,CT,2019,,1,2019-11-30 09:57:01,1,9.22,3,Blue,mid,xMata,oe:player:0b0e38709277788dc3166a3a99d95bb,Arena Quesito,oe:team:5a65820ae9d6b52452d469d0b4ffc29,Akali,Zoe,Syndra,Morgana,Kayle,Shen,,,,,,2165,1,10,1,11,32,11,2.0,1.0,0.0,0.0,0.0,0.0,0.0,0.0,0.8868,1.1917,,,,,,,,,,,,,,,,,,,,,,,,,,,,,,2.0,0.0,20025.0,554.9654,0.231715,526.3926,582.1524,15.0,0.4157,8.0,0.2217,11.0,41.0,1.1363,17502.0,12810.0,355.0115,0.271434,16775.0,,,333.0,308.0,25.0,20.0,4.0,9.2286,3870.0,4791.0,88.0,3049.0,4506.0,72.0,821.0,285.0,16.0,2.0,1.0,0.0,0.0,2.0,1.0,6012.0,7893.0,152.0,4417.0,6514.0,105.0,1595.0,1379.0,47.0,2.0,1.0,0.0,0.0,2.0,1.0,9616.0,10808.0,213.0,5467.0,8002.0,126.0,4149.0,2806.0,87.0,5.0,2.0,0.0,0.0,4.0,3.0,11339.0,13128.0,254.0,6924.0,10691.0,161.0,4415.0,2437.0,93.0,5.0,3.0,1.0,0.0,5.0,3.0
ESPORTSTMNT01/1212584,complete,https://matchhistory.na.leagueoflegends.com/en/#match-details/ESPORTSTMNT01/1212584?gameHash=8ff91ef340c9dff0,CT,2019,,1,2019-11-30 09:57:01,1,9.22,4,Blue,bot,Aaron,oe:player:432dc458337f63fbcdf3c73488a3cdf,Arena Quesito,oe:team:5a65820ae9d6b52452d469d0b4ffc29,Xayah,Zoe,Syndra,Morgana,Kayle,Shen,,,,,,2165,1,8,3,15,32,11,2.0,1.0,0.0,0.0,1.0,0.0,1.0,0.0,0.8868,1.1917,,,,,,,,,,,,,,,,,,,,,,,,,,,,,,0.0,0.0,25896.0,717.6721,0.299649,291.9908,135.6028,11.0,0.3048,7.0,0.194,5.0,37.0,1.0254,16217.0,11525.0,319.3995,0.244206,14675.0,,,312.0,268.0,44.0,16.0,4.0,8.6467,3082.0,3263.0,74.0,3733.0,3044.0,81.0,-651.0,219.0,-7.0,0.0,3.0,1.0,2.0,0.0,1.0,4792.0,5128.0,126.0,5454.0,4979.0,135.0,-662.0,149.0,-9.0,0.0,3.0,1.0,2.0,0.0,1.0,7427.0,7447.0,171.0,7673.0,6945.0,188.0,-246.0,502.0,-17.0,1.0,8.0,2.0,3.0,1.0,2.0,9325.0,9514.0,224.0,11243.0,9926.0,266.0,-1918.0,-412.0,-42.0,1.0,8.0,2.0,4.0,1.0,2.0
ESPORTSTMNT01/1212584,complete,https://matchhistory.na.leagueoflegends.com/en/#match-details/ESPORTSTMNT01/1212584?gameHash=8ff91ef340c9dff0,CT,2019,,1,2019-11-30 09:57:01,1,9.22,5,Blue,sup,Aizhon,oe:player:b810e09b68d5ff70b3ba0e0e4bfde39,Arena Quesito,oe:team:5a65820ae9d6b52452d469d0b4ffc29,Rakan,Zoe,Syndra,Morgana,Kayle,Shen,,,,,,2165,1,3,2,22,32,11,0.0,0.0,0.0,0.0,1.0,1.0,0.0,0.0,0.8868,1.1917,,,,,,,,,,,,,,,,,,,,,,,,,,,,,,0.0,0.0,6706.0,185.8476,0.0775969,295.3995,649.8014,42.0,1.164,12.0,0.3326,14.0,87.0,2.4111,9712.0,5020.0,139.1224,0.106367,8700.0,,,16.0,16.0,0.0,0.0,0.0,0.4434,2345.0,2752.0,3.0,1911.0,2972.0,12.0,434.0,-220.0,-9.0,1.0,2.0,1.0,0.0,2.0,1.0,3169.0,4171.0,4.0,2931.0,4446.0,22.0,238.0,-275.0,-18.0,1.0,2.0,1.0,0.0,2.0,1.0,4965.0,6138.0,7.0,4204.0,6242.0,37.0,761.0,-104.0,-30.0,2.0,7.0,1.0,0.0,3.0,2.0,5859.0,7543.0,11.0,5265.0,8220.0,50.0,594.0,-677.0,-39.0,2.0,7.0,1.0,0.0,4.0,2.0
ESPORTSTMNT01/1212584,complete,https://matchhistory.na.leagueoflegends.com/en/#match-details/ESPORTSTMNT01/1212584?gameHash=8ff91ef340c9dff0,CT,2019,,1,2019-11-30 09:57:01,1,9.22,6,Red,top,Imba,oe:player:4c25a950eb10c73fe6bd4f8688ab273,Kawaii Kiwis,oe:team:8eb9a212591f919a353abfac0c0a52a,Rumble,Gragas,Gangplank,Senna,Elise,Rek'Sai,,,,,,2165,0,0,8,5,11,32,0.0,0.0,0.0,0.0,0.0,0.0,0.0,0.0,0.3048,1.1917,,,,,,,,,,,,,,,,,,,,,,,,,,,,,,0.0,0.0,12299.0,340.8499,0.208652,631.6212,613.6628,11.0,0.3048,2.0,0.0554,5.0,25.0,0.6928,9547.0,4855.0,134.5497,0.145891,8960.0,,,196.0,192.0,4.0,1.0,0.0,5.4319,2933.0,4434.0,71.0,3610.0,4596.0,70.0,-677.0,-162.0,1.0,0.0,2.0,1.0,1.0,4.0,0.0,4332.0,6519.0,105.0,5466.0,7595.0,115.0,-1134.0,-1076.0,-10.0,0.0,2.0,2.0,1.0,5.0,0.0,5576.0,8277.0,128.0,7403.0,9738.0,147.0,-1827.0,-1461.0,-19.0,0.0,4.0,3.0,1.0,8.0,0.0,7129.0,10529.0,165.0,9307.0,12260.0,186.0,-2178.0,-1731.0,-21.0,0.0,4.0,4.0,2.0,8.0,0.0
ESPORTSTMNT01/1212584,complete,https://matchhistory.na.leagueoflegends.com/en/#match-details/ESPORTSTMNT01/1212584?gameHash=8ff91ef340c9dff0,CT,2019,,1,2019-11-30 09:57:01,1,9.22,7,Red,jng,Huido,oe:player:c3299c961a35ead84df135c4cc0c3cc,Kawaii Kiwis,oe:team:8eb9a212591f919a353abfac0c0a52a,Jarvan IV,Gragas,Gangplank,Senna,Elise,Rek'Sai,,,,,,2165,0,2,5,7,11,32,0.0,0.0,0.0,0.0,0.0,0.0,0.0,1.0,0.3048,1.1917,,,,,,,,,,,,,,,,,,,,,,,,,,,,,,0.0,0.0,6123.0,169.6905,0.103876,844.2125,938.5219,14.0,0.388,13.0,0.3603,14.0,46.0,1.2748,10647.0,5955.0,165.0346,0.178946,10550.0,,,146.0,36.0,110.0,84.0,4.0,4.0462,2993.0,3117.0,55.0,3298.0,3394.0,48.0,-305.0,-277.0,7.0,0.0,2.0,1.0,1.0,3.0,0.0,4407.0,4883.0,85.0,5178.0,5972.0,87.0,-771.0,-1089.0,-2.0,0.0,2.0,1.0,2.0,3.0,0.0,6323.0,6733.0,110.0,7058.0,8296.0,112.0,-735.0,-1563.0,-2.0,1.0,3.0,2.0,3.0,7.0,1.0,7210.0,7556.0,118.0,8145.0,9371.0,131.0,-935.0,-1815.0,-13.0,1.0,3.0,2.0,3.0,7.0,1.0
ESPORTSTMNT01/1212584,complete,https://matchhistory.na.leagueoflegends.com/en/#match-details/ESPORTSTMNT01/1212584?gameHash=8ff91ef340c9dff0,CT,2019,,1,2019-11-30 09:57:01,1,9.22,8,Red,mid,Daniur,oe:player:f12595a359b40eabc8b33af37b2ca73,Kawaii Kiwis,oe:team:8eb9a212591f919a353abfac0c0a52a,Nautilus,Gragas,Gangplank,Senna,Elise,Rek'Sai,,,,,,2165,0,0,7,9,11,32,0.0,0.0,0.0,0.0,0.0,0.0,0.0,0.0,0.3048,1.1917,,,,,,,,,,,,,,,,,,,,,,,,,,,,,,0.0,2.0,8736.0,242.1062,0.148206,549.7829,799.9261,20.0,0.5543,4.0,0.1109,12.0,26.0,0.7206,9483.0,4791.0,132.776,0.143967,9500.0,,,195.0,195.0,0.0,0.0,0.0,5.4042,3049.0,4506.0,72.0,3870.0,4791.0,88.0,-821.0,-285.0,-16.0,0.0,2.0,1.0,2.0,1.0,0.0,4417.0,6514.0,105.0,6012.0,7893.0,152.0,-1595.0,-1379.0,-47.0,0.0,2.0,1.0,2.0,1.0,0.0,5467.0,8002.0,126.0,9616.0,10808.0,213.0,-4149.0,-2806.0,-87.0,0.0,4.0,3.0,5.0,2.0,0.0,6924.0,10691.0,161.0,11339.0,13128.0,254.0,-4415.0,-2437.0,-93.0,0.0,5.0,3.0,5.0,3.0,1.0
ESPORTSTMNT01/1212584,complete,https://matchhistory.na.leagueoflegends.com/en/#match-details/ESPORTSTMNT01/1212584?gameHash=8ff91ef340c9dff0,CT,2019,,1,2019-11-30 09:57:01,1,9.22,9,Red,bot,Legolas,oe:player:5cfc41b7eccda649db08ead84343554,Kawaii Kiwis,oe:team:8eb9a212591f919a353abfac0c0a52a,Kai'Sa,Gragas,Gangplank,Senna,Elise,Rek'Sai,,,,,,2165,0,8,6,3,11,32,3.0,1.0,0.0,0.0,0.0,0.0,0.0,0.0,0.3048,1.1917,,,,,,,,,,,,,,,,,,,,,,,,,,,,,,0.0,0.0,28023.0,776.6189,0.475409,491.1963,641.5982,12.0,0.3326,8.0,0.2217,4.0,46.0,1.2748,18186.0,13494.0,373.9677,0.405499,16850.0,,,377.0,345.0,32.0,28.0,0.0,10.448,3733.0,3044.0,81.0,3082.0,3263.0,74.0,651.0,-219.0,7.0,2.0,0.0,1.0,0.0,3.0,1.0,5454.0,4979.0,135.0,4792.0,5128.0,126.0,662.0,-149.0,9.0,2.0,0.0,1.0,0.0,3.0,1.0,7673.0,6945.0,188.0,7427.0,7447.0,171.0,246.0,-502.0,17.0,3.0,1.0,2.0,1.0,8.0,2.0,11243.0,9926.0,266.0,9325.0,9514.0,224.0,1918.0,412.0,42.0,4.0,1.0,2.0,1.0,8.0,2.0
ESPORTSTMNT01/1212584,complete,https://matchhistory.na.leagueoflegends.com/en/#match-details/ESPORTSTMNT01/1212584?gameHash=8ff91ef340c9dff0,CT,2019,,1,2019-11-30 09:57:01,1,9.22,10,Red,sup,Napo,oe:player:09c53f3c08d109b0a5fec86dfff0f4e,Kawaii Kiwis,oe:team:8eb9a212591f919a353abfac0c0a52a,Braum,Gragas,Gangplank,Senna,Elise,Rek'Sai,,,,,,2165,0,1,6,9,11,32,0.0,0.0,0.0,0.0,0.0,0.0,0.0,0.0,0.3048,1.1917,,,,,,,,,,,,,,,,,,,,,,,,,,,,,,0.0,0.0,3764.0,104.3141,0.0638561,530.6605,615.7691,45.0,1.2471,8.0,0.2217,14.0,73.0,2.0231,8875.0,4183.0,115.9261,0.125696,8550.0,,,86.0,86.0,0.0,0.0,0.0,2.3834,1911.0,2972.0,12.0,2345.0,2752.0,3.0,-434.0,220.0,9.0,0.0,2.0,1.0,1.0,2.0,1.0,2931.0,4446.0,22.0,3169.0,4171.0,4.0,-238.0,275.0,18.0,0.0,2.0,1.0,1.0,2.0,1.0,4204.0,6242.0,37.0,4965.0,6138.0,7.0,-761.0,104.0,30.0,0.0,3.0,2.0,2.0,7.0,1.0,5265.0,8220.0,50.0,5859.0,7543.0,11.0,-594.0,677.0,39.0,0.0,4.0,2.0,2.0,7.0,1.0
ESPORTSTMNT01/1212584,complete,https://matchhistory.na.leagueoflegends.com/en/#match-details/ESPORTSTMNT01/1212584?gameHash=8ff91ef340c9dff0,CT,2019,,1,2019-11-30 09:57:01,1,9.22,100,Blue,team,,,Arena Quesito,oe:team:5a65820ae9d6b52452d469d0b4ffc29,,Zoe,Syndra,Morgana,Kayle,Shen,Xayah,Rakan,Akali,Ornn,Lee Sin,2165,1,32,11,81,32,11,5.0,3.0,0.0,0.0,1.0,,,,0.8868,1.1917,1.0,5.0,0.0,,,3.0,2.0,0.0,0.0,,,,0.0,0.0,0.0,0.0,1.0,,,1.0,1.0,0.0,1.0,9.0,1.0,1.0,1.0,,,2.0,0.0,86421.0,2395.0393,,2549.8199,3149.1824,105.0,2.9099,48.0,1.3303,48.0,265.0,7.3441,70654.0,47193.0,1307.8891,,64875.0,0.175462,3.24,,844.0,223.0,129.0,29.0,29.5704,16205.0,18796.0,283.0,14619.0,18073.0,291.0,1586.0,723.0,-8.0,5.0,13.0,2.0,2.0,8.0,5.0,24617.0,30759.0,484.0,21541.0,27341.0,452.0,3076.0,3418.0,32.0,6.0,14.0,2.0,2.0,8.0,6.0,36469.0,42427.0,650.0,29243.0,36199.0,589.0,7226.0,6228.0,61.0,12.0,32.0,4.0,4.0,15.0,12.0,43975.0,51816.0,806.0,37771.0,46922.0,760.0,6204.0,4894.0,46.0,13.0,33.0,5.0,5.0,17.0,13.0
ESPORTSTMNT01/1212584,complete,https://matchhistory.na.leagueoflegends.com/en/#match-details/ESPORTSTMNT01/1212584?gameHash=8ff91ef340c9dff0,CT,2019,,1,2019-11-30 09:57:01,1,9.22,200,Red,team,,,Kawaii Kiwis,oe:team:8eb9a212591f919a353abfac0c0a52a,,Gragas,Gangplank,Senna,Elise,Rek'Sai,Kai'Sa,Nautilus,Jarvan IV,Rumble,Braum,2165,0,11,32,33,11,32,3.0,1.0,0.0,0.0,0.0,,,,0.3048,1.1917,0.0,0.0,5.0,,,0.0,0.0,0.0,0.0,,,,0.0,0.0,1.0,1.0,0.0,,,0.0,0.0,1.0,0.0,1.0,9.0,0.0,0.0,,,0.0,2.0,58945.0,1633.5797,,3047.4734,3609.4781,102.0,2.8268,35.0,0.97,49.0,216.0,5.9861,56738.0,33277.0,922.2263,,54410.0,-0.175462,-3.24,,854.0,146.0,113.0,4.0,27.7136,14619.0,18073.0,291.0,16205.0,18796.0,283.0,-1586.0,-723.0,8.0,2.0,8.0,5.0,5.0,13.0,2.0,21541.0,27341.0,452.0,24617.0,30759.0,484.0,-3076.0,-3418.0,-32.0,2.0,8.0,6.0,6.0,14.0,2.0,29243.0,36199.0,589.0,36469.0,42427.0,650.0,-7226.0,-6228.0,-61.0,4.0,15.0,12.0,12.0,32.0,4.0,37771.0,46922.0,760.0,43975.0,51816.0,806.0,-6204.0,-4894.0,-46.0,5.0,17.0,13.0,13.0,33.0,5.0
ESPORTSTMNT01/1222584,complete,https://matchhistory.na.leagueoflegends.com/en/#match-details/ESPORTSTMNT01/1222584?gameHash=7c22f93cf3c9e223,CT,2019,,1,2019-11-30 10:50:25,2,9.22,1,Blue,top,ItGox,oe:player:e3d9e95e31027019d241a231be08e33,Arena Quesito,oe:team:5a65820ae9d6b52452d469d0b4ffc29,Sion,Zoe,Syndra,Morgana,Kayle,Shen,,,,,,2074,0,2,5,5,11,15,0.0,0.0,0.0,0.0,1.0,0.0,1.0,0.0,0.3182,0.7232,,,,,,,,,,,,,,,,,,,,,,,,,,,,,,0.0,0.0,10773.0,311.6586,0.191585,1116.8563,1676.4995,15.0,0.4339,5.0,0.1446,5.0,34.0,0.9836,11743.0,7236.0,209.3346,0.216925,11375.0,,,237.0,222.0,15.0,12.0,0.0,6.8563,3006.0,3919.0,74.0,3217.0,4695.0,88.0,-211.0,-776.0,-14.0,0.0,1.0,0.0,0.0,0.0,0.0,5264.0,6101.0,114.0,4393.0,6116.0,115.0,871.0,-15.0,-1.0,1.0,2.0,1.0,0.0,1.0,1.0,7383.0,8163.0,151.0,6014.0,8261.0,148.0,1369.0,-98.0,3.0,2.0,2.0,2.0,0.0,2.0,1.0,9249.0,10804.0,196.0,7862.0,11062.0,185.0,1387.0,-258.0,11.0,2.0,4.0,2.0,0.0,2.0,2.0
ESPORTSTMNT01/1222584,complete,https://matchhistory.na.leagueoflegends.com/en/#match-details/ESPORTSTMNT01/1222584?gameHash=7c22f93cf3c9e223,CT,2019,,1,2019-11-30 10:50:25,2,9.22,2,Blue,jng,Palens,oe:player:2b0c84fdb14a35a7d36ca191b848dd2,Arena Quesito,oe:team:5a65820ae9d6b52452d469d0b4ffc29,Trundle,Zoe,Syndra,Morgana,Kayle,Shen,,,,,,2074,0,1,2,8,11,15,0.0,0.0,0.0,0.0,1.0,1.0,0.0,0.0,0.3182,0.7232,,,,,,,,,,,,,,,,,,,,,,,,,,,,,,0.0,0.0,6117.0,176.9624,0.108783,905.0338,744.7059,9.0,0.2604,16.0,0.4629,9.0,51.0,1.4754,9822.0,5315.0,153.7608,0.15934,8825.0,,,140.0,22.0,118.0,85.0,4.0,4.0501,3105.0,2509.0,43.0,2997.0,2915.0,47.0,108.0,-406.0,-4.0,1.0,0.0,1.0,0.0,2.0,0.0,4986.0,4671.0,72.0,4451.0,4814.0,76.0,535.0,-143.0,-4.0,1.0,3.0,1.0,0.0,2.0,1.0,6201.0,6034.0,90.0,5946.0,6899.0,105.0,255.0,-865.0,-15.0,1.0,3.0,1.0,0.0,3.0,1.0,7426.0,8156.0,108.0,7471.0,9340.0,120.0,-45.0,-1184.0,-12.0,1.0,5.0,1.0,0.0,3.0,1.0
ESPORTSTMNT01/1222584,complete,https://matchhistory.na.leagueoflegends.com/en/#match-details/ESPORTSTMNT01/1222584?gameHash=7c22f93cf3c9e223,CT,2019,,1,2019-11-30 10:50:25,2,9.22,3,Blue,mid,xMata,oe:player:0b0e38709277788dc3166a3a99d95bb,Arena Quesito,oe:team:5a65820ae9d6b52452d469d0b4ffc29,Akali,Zoe,Syndra,Morgana,Kayle,Shen,,,,,,2074,0,1,3,4,11,15,0.0,0.0,0.0,0.0,1.0,0.0,1.0,0.0,0.3182,0.7232,,,,,,,,,,,,,,,,,,,,,,,,,,,,,,0.0,0.0,7790.0,225.3616,0.138536,540.1736,520.0964,13.0,0.3761,0.0,0.0,6.0,23.0,0.6654,11551.0,7044.0,203.7801,0.211169,11650.0,,,265.0,241.0,24.0,24.0,0.0,7.6663,3067.0,4068.0,76.0,3428.0,4686.0,83.0,-361.0,-618.0,-7.0,0.0,1.0,1.0,1.0,0.0,1.0,5085.0,6762.0,129.0,5916.0,8068.0,151.0,-831.0,-1306.0,-22.0,0.0,1.0,1.0,1.0,1.0,1.0,6830.0,9097.0,168.0,7495.0,10087.0,184.0,-665.0,-990.0,-16.0,0.0,2.0,1.0,1.0,2.0,1.0,8291.0,11149.0,200.0,9301.0,12624.0,215.0,-1010.0,-1475.0,-15.0,0.0,4.0,1.0,1.0,2.0,1.0
ESPORTSTMNT01/1222584,complete,https://matchhistory.na.leagueoflegends.com/en/#match-details/ESPORTSTMNT01/1222584?gameHash=7c22f93cf3c9e223,CT,2019,,1,2019-11-30 10:50:25,2,9.22,4,Blue,bot,Aaron,oe:player:432dc458337f63fbcdf3c73488a3cdf,Arena Quesito,oe:team:5a65820ae9d6b52452d469d0b4ffc29,Xayah,Zoe,Syndra,Morgana,Kayle,Shen,,,,,,2074,0,6,3,3,11,15,0.0,0.0,0.0,0.0,0.0,0.0,0.0,0.0,0.3182,0.7232,,,,,,,,,,,,,,,,,,,,,,,,,,,,,,0.0,1.0,24433.0,706.837,0.434511,409.5564,184.0501,11.0,0.3182,11.0,0.3182,7.0,36.0,1.0415,15060.0,10553.0,305.2941,0.316358,13775.0,,,314.0,298.0,16.0,16.0,0.0,9.0839,3050.0,2868.0,79.0,3679.0,3670.0,91.0,-629.0,-802.0,-12.0,0.0,0.0,1.0,1.0,0.0,0.0,5576.0,5421.0,130.0,6222.0,5846.0,139.0,-646.0,-425.0,-9.0,2.0,1.0,1.0,2.0,0.0,0.0,7529.0,7101.0,183.0,8393.0,7588.0,188.0,-864.0,-487.0,-5.0,2.0,1.0,1.0,3.0,0.0,1.0,9482.0,8723.0,220.0,11027.0,10347.0,256.0,-1545.0,-1624.0,-36.0,3.0,2.0,1.0,3.0,0.0,1.0
ESPORTSTMNT01/1222584,complete,https://matchhistory.na.leagueoflegends.com/en/#match-details/ESPORTSTMNT01/1222584?gameHash=7c22f93cf3c9e223,CT,2019,,1,2019-11-30 10:50:25,2,9.22,5,Blue,sup,Aizhon,oe:player:b810e09b68d5ff70b3ba0e0e4bfde39,Arena Quesito,oe:team:5a65820ae9d6b52452d469d0b4ffc29,Rakan,Zoe,Syndra,Morgana,Kayle,Shen,,,,,,2074,0,1,2,9,11,15,0.0,0.0,0.0,0.0,0.0,0.0,0.0,0.0,0.3182,0.7232,,,,,,,,,,,,,,,,,,,,,,,,,,,,,,0.0,0.0,7118.0,205.9209,0.126585,212.0829,412.1311,50.0,1.4465,16.0,0.4629,17.0,91.0,2.6326,7716.0,3209.0,92.8351,0.0962085,7325.0,,,18.0,18.0,0.0,0.0,0.0,0.5207,1772.0,2838.0,1.0,2029.0,2473.0,16.0,-257.0,365.0,-15.0,0.0,0.0,0.0,0.0,1.0,0.0,3057.0,4266.0,5.0,3681.0,3591.0,25.0,-624.0,675.0,-20.0,0.0,3.0,0.0,0.0,2.0,1.0,4205.0,5899.0,8.0,4861.0,5279.0,37.0,-656.0,620.0,-29.0,0.0,4.0,0.0,0.0,3.0,1.0,5469.0,7311.0,12.0,6399.0,7267.0,52.0,-930.0,44.0,-40.0,1.0,5.0,0.0,0.0,3.0,2.0
ESPORTSTMNT01/1222584,complete,https://matchhistory.na.leagueoflegends.com/en/#match-details/ESPORTSTMNT01/1222584?gameHash=7c22f93cf3c9e223,CT,2019,,1,2019-11-30 10:50:25,2,9.22,6,Red,top,Imba,oe:player:4c25a950eb10c73fe6bd4f8688ab273,Kawaii Kiwis,oe:team:8eb9a212591f919a353abfac0c0a52a,Ornn,Gragas,Gangplank,Senna,Elise,Lee Sin,,,,,,2074,1,0,2,10,14,12,0.0,0.0,0.0,0.0,0.0,0.0,0.0,0.0,0.405,0.7232,,,,,,,,,,,,,,,,,,,,,,,,,,,,,,0.0,0.0,9208.0,266.3838,0.110822,670.8775,1027.2324,13.0,0.3761,1.0,0.0289,5.0,26.0,0.7522,11228.0,6721.0,194.4359,0.163196,9875.0,,,227.0,216.0,11.0,11.0,0.0,6.567,3217.0,4695.0,88.0,3006.0,3919.0,74.0,211.0,776.0,14.0,0.0,0.0,0.0,0.0,1.0,0.0,4393.0,6116.0,115.0,5264.0,6101.0,114.0,-871.0,15.0,1.0,0.0,1.0,1.0,1.0,2.0,1.0,6014.0,8261.0,148.0,7383.0,8163.0,151.0,-1369.0,98.0,-3.0,0.0,2.0,1.0,2.0,2.0,2.0,7862.0,11062.0,185.0,9249.0,10804.0,196.0,-1387.0,258.0,-11.0,0.0,2.0,2.0,2.0,4.0,2.0
ESPORTSTMNT01/1222584,complete,https://matchhistory.na.leagueoflegends.com/en/#match-details/ESPORTSTMNT01/1222584?gameHash=7c22f93cf3c9e223,CT,2019,,1,2019-11-30 10:50:25,2,9.22,7,Red,jng,Huido,oe:player:c3299c961a35ead84df135c4cc0c3cc,Kawaii Kiwis,oe:team:8eb9a212591f919a353abfac0c0a52a,Jarvan IV,Gragas,Gangplank,Senna,Elise,Lee Sin,,,,,,2074,1,0,2,12,14,12,0.0,0.0,0.0,0.0,0.0,0.0,0.0,0.0,0.405,0.7232,,,,,,,,,,,,,,,,,,,,,,,,,,,,,,0.0,0.0,5026.0,145.4002,0.0604901,669.3153,827.1553,13.0,0.3761,16.0,0.4629,13.0,60.0,1.7358,10855.0,6348.0,183.6451,0.15414,10450.0,,,155.0,29.0,126.0,67.0,4.0,4.4841,2997.0,2915.0,47.0,3105.0,2509.0,43.0,-108.0,406.0,4.0,0.0,2.0,0.0,1.0,0.0,1.0,4451.0,4814.0,76.0,4986.0,4671.0,72.0,-535.0,143.0,4.0,0.0,2.0,1.0,1.0,3.0,1.0,5946.0,6899.0,105.0,6201.0,6034.0,90.0,-255.0,865.0,15.0,0.0,3.0,1.0,1.0,3.0,1.0,7471.0,9340.0,120.0,7426.0,8156.0,108.0,45.0,1184.0,12.0,0.0,3.0,1.0,1.0,5.0,1.0
ESPORTSTMNT01/1222584,complete,https://matchhistory.na.leagueoflegends.com/en/#match-details/ESPORTSTMNT01/1222584?gameHash=7c22f93cf3c9e223,CT,2019,,1,2019-11-30 10:50:25,2,9.22,8,Red,mid,Daniur,oe:player:f12595a359b40eabc8b33af37b2ca73,Kawaii Kiwis,oe:team:8eb9a212591f919a353abfac0c0a52a,Cassiopeia,Gragas,Gangplank,Senna,Elise,Lee Sin,,,,,,2074,1,2,1,9,14,12,0.0,0.0,0.0,0.0,0.0,0.0,0.0,1.0,0.405,0.7232,,,,,,,,,,,,,,,,,,,,,,,,,,,,,,0.0,0.0,22746.0,658.0328,0.273758,314.783,161.4851,20.0,0.5786,4.0,0.1157,15.0,33.0,0.9547,13808.0,9301.0,269.0743,0.225839,12410.0,,,277.0,253.0,24.0,20.0,0.0,8.0135,3428.0,4686.0,83.0,3067.0,4068.0,76.0,361.0,618.0,7.0,1.0,0.0,1.0,0.0,1.0,1.0,5916.0,8068.0,151.0,5085.0,6762.0,129.0,831.0,1306.0,22.0,1.0,1.0,1.0,0.0,1.0,1.0,7495.0,10087.0,184.0,6830.0,9097.0,168.0,665.0,990.0,16.0,1.0,2.0,1.0,0.0,2.0,1.0,9301.0,12624.0,215.0,8291.0,11149.0,200.0,1010.0,1475.0,15.0,1.0,2.0,1.0,0.0,4.0,1.0
ESPORTSTMNT01/1222584,complete,https://matchhistory.na.leagueoflegends.com/en/#match-details/ESPORTSTMNT01/1222584?gameHash=7c22f93cf3c9e223,CT,2019,,1,2019-11-30 10:50:25,2,9.22,9,Red,bot,Legolas,oe:player:5cfc41b7eccda649db08ead84343554,Kawaii Kiwis,oe:team:8eb9a212591f919a353abfac0c0a52a,Kai'Sa,Gragas,Gangplank,Senna,Elise,Lee Sin,,,,,,2074,1,12,2,1,14,12,1.0,1.0,1.0,1.0,0.0,0.0,0.0,0.0,0.405,0.7232,,,,,,,,,,,,,,,,,,,,,,,,,,,,,,1.0,0.0,38940.0,1126.5188,0.46866,381.7551,486.0174,14.0,0.405,12.0,0.3472,4.0,43.0,1.244,18217.0,13710.0,396.6249,0.332889,15500.0,,,323.0,286.0,37.0,22.0,7.0,9.3443,3679.0,3670.0,91.0,3050.0,2868.0,79.0,629.0,802.0,12.0,1.0,0.0,0.0,0.0,0.0,1.0,6222.0,5846.0,139.0,5576.0,5421.0,130.0,646.0,425.0,9.0,2.0,0.0,0.0,2.0,1.0,1.0,8393.0,7588.0,188.0,7529.0,7101.0,183.0,864.0,487.0,5.0,3.0,0.0,1.0,2.0,1.0,1.0,11027.0,10347.0,256.0,9482.0,8723.0,220.0,1545.0,1624.0,36.0,3.0,0.0,1.0,3.0,2.0,1.0
ESPORTSTMNT01/1222584,complete,https://matchhistory.na.leagueoflegends.com/en/#match-details/ESPORTSTMNT01/1222584?gameHash=7c22f93cf3c9e223,CT,2019,,1,2019-11-30 10:50:25,2,9.22,10,Red,sup,Napo,oe:player:09c53f3c08d109b0a5fec86dfff0f4e,Kawaii Kiwis,oe:team:8eb9a212591f919a353abfac0c0a52a,Nautilus,Gragas,Gangplank,Senna,Elise,Lee Sin,,,,,,2074,1,0,5,12,14,12,0.0,0.0,0.0,0.0,0.0,0.0,0.0,0.0,0.405,0.7232,,,,,,,,,,,,,,,,,,,,,,,,,,,,,,0.0,0.0,7168.0,207.3674,0.08627,461.2247,689.8554,44.0,1.2729,7.0,0.2025,13.0,71.0,2.054,9611.0,5104.0,147.6567,0.123936,8695.0,,,74.0,73.0,1.0,0.0,1.0,2.1408,2029.0,2473.0,16.0,1772.0,2838.0,1.0,257.0,-365.0,15.0,0.0,1.0,0.0,0.0,0.0,0.0,3681.0,3591.0,25.0,3057.0,4266.0,5.0,624.0,-675.0,20.0,0.0,2.0,1.0,0.0,3.0,0.0,4861.0,5279.0,37.0,4205.0,5899.0,8.0,656.0,-620.0,29.0,0.0,3.0,1.0,0.0,4.0,0.0,6399.0,7267.0,52.0,5469.0,7311.0,12.0,930.0,-44.0,40.0,0.0,3.0,2.0,1.0,5.0,0.0
ESPORTSTMNT01/1222584,complete,https://matchhistory.na.leagueoflegends.com/en/#match-details/ESPORTSTMNT01/1222584?gameHash=7c22f93cf3c9e223,CT,2019,,1,2019-11-30 10:50:25,2,9.22,100,Blue,team,,,Arena Quesito,oe:team:5a65820ae9d6b52452d469d0b4ffc29,,Zoe,Syndra,Morgana,Kayle,Shen,Xayah,Rakan,Akali,Sion,Trundle,2074,0,11,15,29,11,15,0.0,0.0,0.0,0.0,1.0,,,,0.3182,0.7232,0.0,2.0,3.0,,,1.0,0.0,1.0,0.0,,,,0.0,0.0,0.0,0.0,1.0,,,0.0,0.0,2.0,0.0,3.0,9.0,1.0,0.0,,,0.0,1.0,56231.0,1626.7406,,3183.703,3537.4831,98.0,2.8351,48.0,1.3886,44.0,235.0,6.7985,55892.0,33359.0,965.0627,,52950.0,-0.0724427,-1.08,,801.0,173.0,137.0,4.0,28.1774,14000.0,16202.0,273.0,15350.0,18439.0,325.0,-1350.0,-2237.0,-52.0,1.0,2.0,3.0,2.0,3.0,1.0,23968.0,27221.0,450.0,24663.0,28435.0,506.0,-695.0,-1214.0,-56.0,4.0,10.0,4.0,3.0,6.0,4.0,32148.0,36294.0,600.0,32709.0,38114.0,662.0,-561.0,-1820.0,-62.0,5.0,12.0,5.0,4.0,10.0,5.0,39917.0,46143.0,736.0,42060.0,50640.0,828.0,-2143.0,-4497.0,-92.0,7.0,20.0,5.0,4.0,10.0,7.0
ESPORTSTMNT01/1222584,complete,https://matchhistory.na.leagueoflegends.com/en/#match-details/ESPORTSTMNT01/1222584?gameHash=7c22f93cf3c9e223,CT,2019,,1,2019-11-30 10:50:25,2,9.22,200,Red,team,,,Kawaii Kiwis,oe:team:8eb9a212591f919a353abfac0c0a52a,,Gragas,Gangplank,Senna,Elise,Lee Sin,Kai'Sa,Nautilus,Jarvan IV,Ornn,Cassiopeia,2074,1,14,12,44,14,12,1.0,1.0,1.0,1.0,0.0,,,,0.405,0.7232,1.0,3.0,2.0,,,1.0,0.0,0.0,2.0,,,,0.0,0.0,1.0,1.0,0.0,,,1.0,2.0,0.0,1.0,9.0,3.0,0.0,1.0,,,1.0,0.0,83088.0,2403.703,,2497.9556,3191.7454,104.0,3.0087,40.0,1.1572,50.0,233.0,6.7406,63719.0,41186.0,1191.4947,,56930.0,0.0724427,1.08,,857.0,199.0,120.0,12.0,30.5497,15350.0,18439.0,325.0,14000.0,16202.0,273.0,1350.0,2237.0,52.0,2.0,3.0,1.0,1.0,2.0,3.0,24663.0,28435.0,506.0,23968.0,27221.0,450.0,695.0,1214.0,56.0,3.0,6.0,4.0,4.0,10.0,4.0,32709.0,38114.0,662.0,32148.0,36294.0,600.0,561.0,1820.0,62.0,4.0,10.0,5.0,5.0,12.0,5.0,42060.0,50640.0,828.0,39917.0,46143.0,736.0,2143.0,4497.0,92.0,4.0,10.0,7.0,7.0,20.0,5.0
ESPORTSTMNT01/1222618,complete,https://matchhistory.na.leagueoflegends.com/en/#match-details/ESPORTSTMNT01/1222618?gameHash=e82e6ee9961649bd,CT,2019,,1,2019-11-30 11:48:25,3,9.22,1,Blue,top,ItGox,oe:player:e3d9e95e31027019d241a231be08e33,Arena Quesito,oe:team:5a65820ae9d6b52452d469d0b4ffc29,Darius,Zoe,Syndra,Xayah,Caitlyn,Ashe,,,,,,1715,0,2,5,2,8,18,0.0,0.0,0.0,0.0,1.0,0.0,1.0,0.0,0.2799,0.9096,,,,,,,,,,,,,,,,,,,,,,,,,,,,,,0.0,0.0,8792.0,307.5918,0.190761,750.2624,725.4927,12.0,0.4198,1.0,0.035,4.0,21.0,0.7347,10723.0,6949.0,243.1137,0.243527,9750.0,,,220.0,216.0,4.0,4.0,0.0,7.6968,3510.0,4699.0,91.0,3397.0,4916.0,71.0,113.0,-217.0,20.0,0.0,1.0,0.0,1.0,0.0,1.0,5092.0,6821.0,131.0,4693.0,6525.0,88.0,399.0,296.0,43.0,0.0,1.0,1.0,2.0,1.0,1.0,6845.0,8517.0,171.0,6235.0,8839.0,119.0,610.0,-322.0,52.0,0.0,1.0,1.0,2.0,1.0,1.0,8715.0,10687.0,214.0,8470.0,12206.0,142.0,245.0,-1519.0,72.0,0.0,1.0,3.0,3.0,5.0,1.0
ESPORTSTMNT01/1222618,complete,https://matchhistory.na.leagueoflegends.com/en/#match-details/ESPORTSTMNT01/1222618?gameHash=e82e6ee9961649bd,CT,2019,,1,2019-11-30 11:48:25,3,9.22,2,Blue,jng,Palens,oe:player:2b0c84fdb14a35a7d36ca191b848dd2,Arena Quesito,oe:team:5a65820ae9d6b52452d469d0b4ffc29,Sejuani,Zoe,Syndra,Xayah,Caitlyn,Ashe,,,,,,1715,0,3,5,3,8,18,1.0,0.0,0.0,0.0,1.0,1.0,0.0,0.0,0.2799,0.9096,,,,,,,,,,,,,,,,,,,,,,,,,,,,,,0.0,1.0,8827.0,308.8163,0.191521,1034.0292,971.3703,9.0,0.3149,10.0,0.3499,9.0,40.0,1.3994,9488.0,5714.0,199.9067,0.200245,7625.0,,,145.0,40.0,105.0,78.0,4.0,5.0729,3632.0,3457.0,58.0,2812.0,2743.0,49.0,820.0,714.0,9.0,1.0,1.0,1.0,0.0,0.0,0.0,5018.0,5243.0,94.0,4421.0,5041.0,78.0,597.0,202.0,16.0,1.0,1.0,2.0,0.0,2.0,0.0,6219.0,6307.0,111.0,5861.0,6823.0,106.0,358.0,-516.0,5.0,1.0,1.0,2.0,0.0,2.0,0.0,7709.0,8502.0,142.0,8076.0,10020.0,131.0,-367.0,-1518.0,11.0,1.0,1.0,3.0,0.0,7.0,0.0
ESPORTSTMNT01/1222618,complete,https://matchhistory.na.leagueoflegends.com/en/#match-details/ESPORTSTMNT01/1222618?gameHash=e82e6ee9961649bd,CT,2019,,1,2019-11-30 11:48:25,3,9.22,3,Blue,mid,xMata,oe:player:0b0e38709277788dc3166a3a99d95bb,Arena Quesito,oe:team:5a65820ae9d6b52452d469d0b4ffc29,Akali,Zoe,Syndra,Xayah,Caitlyn,Ashe,,,,,,1715,0,2,2,2,8,18,0.0,0.0,0.0,0.0,1.0,0.0,1.0,0.0,0.2799,0.9096,,,,,,,,,,,,,,,,,,,,,,,,,,,,,,0.0,0.0,9821.0,343.5918,0.213088,664.4082,453.4111,13.0,0.4548,1.0,0.035,4.0,24.0,0.8397,9748.0,5974.0,209.0029,0.209357,8450.0,,,222.0,206.0,16.0,12.0,0.0,7.7668,3248.0,4690.0,81.0,3306.0,4763.0,90.0,-58.0,-73.0,-9.0,0.0,1.0,0.0,0.0,0.0,0.0,4728.0,6896.0,120.0,4799.0,6751.0,120.0,-71.0,145.0,0.0,0.0,1.0,0.0,0.0,2.0,0.0,6395.0,9182.0,162.0,7258.0,9567.0,169.0,-863.0,-385.0,-7.0,0.0,1.0,1.0,1.0,2.0,0.0,8457.0,11339.0,206.0,10038.0,12484.0,199.0,-1581.0,-1145.0,7.0,1.0,1.0,1.0,2.0,4.0,0.0
ESPORTSTMNT01/1222618,complete,https://matchhistory.na.leagueoflegends.com/en/#match-details/ESPORTSTMNT01/1222618?gameHash=e82e6ee9961649bd,CT,2019,,1,2019-11-30 11:48:25,3,9.22,4,Blue,bot,Aaron,oe:player:432dc458337f63fbcdf3c73488a3cdf,Arena Quesito,oe:team:5a65820ae9d6b52452d469d0b4ffc29,Sona,Zoe,Syndra,Xayah,Caitlyn,Ashe,,,,,,1715,0,1,3,4,8,18,0.0,0.0,0.0,0.0,0.0,0.0,0.0,0.0,0.2799,0.9096,,,,,,,,,,,,,,,,,,,,,,,,,,,,,,0.0,0.0,12769.0,446.7289,0.277051,426.6122,303.0437,19.0,0.6647,2.0,0.07,3.0,24.0,0.8397,10182.0,6408.0,224.1866,0.224567,8785.0,,,139.0,139.0,0.0,0.0,0.0,4.863,3597.0,2727.0,31.0,3257.0,3040.0,75.0,340.0,-313.0,-44.0,1.0,0.0,0.0,0.0,0.0,1.0,5368.0,4248.0,64.0,5134.0,5355.0,125.0,234.0,-1107.0,-61.0,1.0,0.0,0.0,1.0,0.0,1.0,7246.0,5600.0,94.0,6933.0,7208.0,169.0,313.0,-1608.0,-75.0,1.0,0.0,0.0,1.0,0.0,1.0,9053.0,7326.0,129.0,10406.0,10625.0,228.0,-1353.0,-3299.0,-99.0,1.0,1.0,1.0,4.0,0.0,1.0
ESPORTSTMNT01/1222618,complete,https://matchhistory.na.leagueoflegends.com/en/#match-details/ESPORTSTMNT01/1222618?gameHash=e82e6ee9961649bd,CT,2019,,1,2019-11-30 11:48:25,3,9.22,5,Blue,sup,Aizhon,oe:player:b810e09b68d5ff70b3ba0e0e4bfde39,Arena Quesito,oe:team:5a65820ae9d6b52452d469d0b4ffc29,Tahm Kench,Zoe,Syndra,Xayah,Caitlyn,Ashe,,,,,,1715,0,0,3,3,8,18,0.0,0.0,0.0,0.0,0.0,0.0,0.0,0.0,0.2799,0.9096,,,,,,,,,,,,,,,,,,,,,,,,,,,,,,0.0,0.0,5880.0,205.7143,0.127579,574.2507,574.0408,34.0,1.1895,6.0,0.2099,12.0,58.0,2.0292,7264.0,3490.0,122.0991,0.122303,6850.0,,,107.0,107.0,0.0,0.0,0.0,3.7434,2789.0,2992.0,51.0,2346.0,2447.0,2.0,443.0,545.0,49.0,0.0,1.0,0.0,0.0,0.0,0.0,3921.0,4415.0,66.0,3326.0,3574.0,4.0,595.0,841.0,62.0,0.0,1.0,0.0,0.0,1.0,0.0,5093.0,5722.0,82.0,4606.0,5355.0,9.0,487.0,367.0,73.0,0.0,1.0,0.0,0.0,2.0,0.0,6425.0,7018.0,100.0,6280.0,7894.0,12.0,145.0,-876.0,88.0,0.0,1.0,1.0,0.0,7.0,1.0
ESPORTSTMNT01/1222618,complete,https://matchhistory.na.leagueoflegends.com/en/#match-details/ESPORTSTMNT01/1222618?gameHash=e82e6ee9961649bd,CT,2019,,1,2019-11-30 11:48:25,3,9.22,6,Red,top,Imba,oe:player:4c25a950eb10c73fe6bd4f8688ab273,Kawaii Kiwis,oe:team:8eb9a212591f919a353abfac0c0a52a,Ornn,Gragas,Senna,Gangplank,Veigar,Thresh,,,,,,1715,1,4,1,11,18,8,0.0,0.0,0.0,0.0,0.0,0.0,0.0,1.0,0.6297,0.9096,,,,,,,,,,,,,,,,,,,,,,,,,,,,,,0.0,0.0,10286.0,359.8601,0.143443,523.0671,580.6531,9.0,0.3149,1.0,0.035,4.0,16.0,0.5598,10355.0,6581.0,230.2391,0.182988,8425.0,,,160.0,154.0,6.0,5.0,0.0,5.5977,3397.0,4916.0,71.0,3510.0,4699.0,91.0,-113.0,217.0,-20.0,1.0,0.0,1.0,0.0,1.0,0.0,4693.0,6525.0,88.0,5092.0,6821.0,131.0,-399.0,-296.0,-43.0,2.0,1.0,1.0,0.0,1.0,1.0,6235.0,8839.0,119.0,6845.0,8517.0,171.0,-610.0,322.0,-52.0,2.0,1.0,1.0,0.0,1.0,1.0,8470.0,12206.0,142.0,8715.0,10687.0,214.0,-245.0,1519.0,-72.0,3.0,5.0,1.0,0.0,1.0,3.0
ESPORTSTMNT01/1222618,complete,https://matchhistory.na.leagueoflegends.com/en/#match-details/ESPORTSTMNT01/1222618?gameHash=e82e6ee9961649bd,CT,2019,,1,2019-11-30 11:48:25,3,9.22,7,Red,jng,Huido,oe:player:c3299c961a35ead84df135c4cc0c3cc,Kawaii Kiwis,oe:team:8eb9a212591f919a353abfac0c0a52a,Jarvan IV,Gragas,Senna,Gangplank,Veigar,Thresh,,,,,,1715,1,0,1,16,18,8,0.0,0.0,0.0,0.0,0.0,0.0,0.0,0.0,0.6297,0.9096,,,,,,,,,,,,,,,,,,,,,,,,,,,,,,1.0,0.0,4855.0,169.8542,0.0677051,830.6939,633.516,9.0,0.3149,13.0,0.4548,7.0,43.0,1.5044,9910.0,6136.0,214.6706,0.170614,7575.0,,,141.0,26.0,115.0,70.0,5.0,4.9329,2812.0,2743.0,49.0,3632.0,3457.0,58.0,-820.0,-714.0,-9.0,0.0,0.0,0.0,1.0,1.0,1.0,4421.0,5041.0,78.0,5018.0,5243.0,94.0,-597.0,-202.0,-16.0,0.0,2.0,0.0,1.0,1.0,2.0,5861.0,6823.0,106.0,6219.0,6307.0,111.0,-358.0,516.0,-5.0,0.0,2.0,0.0,1.0,1.0,2.0,8076.0,10020.0,131.0,7709.0,8502.0,142.0,367.0,1518.0,-11.0,0.0,7.0,0.0,1.0,1.0,3.0
ESPORTSTMNT01/1222618,complete,https://matchhistory.na.leagueoflegends.com/en/#match-details/ESPORTSTMNT01/1222618?gameHash=e82e6ee9961649bd,CT,2019,,1,2019-11-30 11:48:25,3,9.22,8,Red,mid,Daniur,oe:player:f12595a359b40eabc8b33af37b2ca73,Kawaii Kiwis,oe:team:8eb9a212591f919a353abfac0c0a52a,Cassiopeia,Gragas,Senna,Gangplank,Veigar,Thresh,,,,,,1715,1,4,1,10,18,8,0.0,0.0,0.0,0.0,0.0,0.0,0.0,0.0,0.6297,0.9096,,,,,,,,,,,,,,,,,,,,,,,,,,,,,,0.0,0.0,23564.0,824.3965,0.32861,491.3703,214.3207,13.0,0.4548,1.0,0.035,5.0,30.0,1.0496,12949.0,9175.0,320.9913,0.255118,9825.0,,,236.0,220.0,16.0,12.0,4.0,8.2566,3306.0,4763.0,90.0,3248.0,4690.0,81.0,58.0,73.0,9.0,0.0,0.0,0.0,0.0,1.0,0.0,4799.0,6751.0,120.0,4728.0,6896.0,120.0,71.0,-145.0,0.0,0.0,2.0,0.0,0.0,1.0,0.0,7258.0,9567.0,169.0,6395.0,9182.0,162.0,863.0,385.0,7.0,1.0,2.0,0.0,0.0,1.0,1.0,10038.0,12484.0,199.0,8457.0,11339.0,206.0,1581.0,1145.0,-7.0,2.0,4.0,0.0,1.0,1.0,1.0
ESPORTSTMNT01/1222618,complete,https://matchhistory.na.leagueoflegends.com/en/#match-details/ESPORTSTMNT01/1222618?gameHash=e82e6ee9961649bd,CT,2019,,1,2019-11-30 11:48:25,3,9.22,9,Red,bot,Legolas,oe:player:5cfc41b7eccda649db08ead84343554,Kawaii Kiwis,oe:team:8eb9a212591f919a353abfac0c0a52a,Kai'Sa,Gragas,Senna,Gangplank,Veigar,Thresh,,,,,,1715,1,10,3,1,18,8,1.0,1.0,1.0,1.0,0.0,0.0,0.0,0.0,0.6297,0.9096,,,,,,,,,,,,,,,,,,,,,,,,,,,,,,0.0,0.0,25927.0,907.0671,0.361564,629.4577,392.0466,8.0,0.2799,9.0,0.3149,1.0,28.0,0.9796,13962.0,10188.0,356.4315,0.283286,14175.0,,,260.0,241.0,19.0,4.0,7.0,9.0962,3257.0,3040.0,75.0,3597.0,2727.0,31.0,-340.0,313.0,44.0,0.0,0.0,1.0,1.0,0.0,0.0,5134.0,5355.0,125.0,5368.0,4248.0,64.0,-234.0,1107.0,61.0,1.0,0.0,1.0,1.0,0.0,0.0,6933.0,7208.0,169.0,7246.0,5600.0,94.0,-313.0,1608.0,75.0,1.0,0.0,1.0,1.0,0.0,0.0,10406.0,10625.0,228.0,9053.0,7326.0,129.0,1353.0,3299.0,99.0,4.0,0.0,1.0,1.0,1.0,1.0
ESPORTSTMNT01/1222618,complete,https://matchhistory.na.leagueoflegends.com/en/#match-details/ESPORTSTMNT01/1222618?gameHash=e82e6ee9961649bd,CT,2019,,1,2019-11-30 11:48:25,3,9.22,10,Red,sup,Napo,oe:player:09c53f3c08d109b0a5fec86dfff0f4e,Kawaii Kiwis,oe:team:8eb9a212591f919a353abfac0c0a52a,Soraka,Gragas,Senna,Gangplank,Veigar,Thresh,,,,,,1715,1,0,2,11,18,8,0.0,0.0,0.0,0.0,0.0,0.0,0.0,0.0,0.6297,0.9096,,,,,,,,,,,,,,,,,,,,,,,,,,,,,,0.0,0.0,7076.0,247.5569,0.098678,278.6589,141.7259,33.0,1.1545,6.0,0.2099,10.0,65.0,2.2741,7658.0,3884.0,135.8834,0.107994,7000.0,,,13.0,13.0,0.0,0.0,0.0,0.4548,2346.0,2447.0,2.0,2789.0,2992.0,51.0,-443.0,-545.0,-49.0,0.0,0.0,0.0,0.0,1.0,0.0,3326.0,3574.0,4.0,3921.0,4415.0,66.0,-595.0,-841.0,-62.0,0.0,1.0,0.0,0.0,1.0,0.0,4606.0,5355.0,9.0,5093.0,5722.0,82.0,-487.0,-367.0,-73.0,0.0,2.0,0.0,0.0,1.0,0.0,6280.0,7894.0,12.0,6425.0,7018.0,100.0,-145.0,876.0,-88.0,0.0,7.0,1.0,0.0,1.0,1.0
ESPORTSTMNT01/1222618,complete,https://matchhistory.na.leagueoflegends.com/en/#match-details/ESPORTSTMNT01/1222618?gameHash=e82e6ee9961649bd,CT,2019,,1,2019-11-30 11:48:25,3,9.22,100,Blue,team,,,Arena Quesito,oe:team:5a65820ae9d6b52452d469d0b4ffc29,,Zoe,Syndra,Xayah,Caitlyn,Ashe,Akali,Sejuani,Darius,Sona,Tahm Kench,1715,0,8,18,14,8,18,1.0,0.0,0.0,0.0,1.0,,,,0.2799,0.9096,0.0,0.0,4.0,,,0.0,0.0,0.0,0.0,,,,0.0,0.0,0.0,0.0,1.0,,,0.0,0.0,1.0,0.0,2.0,11.0,0.0,0.0,,,0.0,3.0,46089.0,1612.4431,,3449.5627,3027.3586,87.0,3.0437,20.0,0.6997,32.0,167.0,5.8426,47405.0,28534.0,998.2741,,41460.0,-0.125254,0.41,,708.0,125.0,94.0,4.0,29.1429,16776.0,18565.0,312.0,15118.0,17909.0,287.0,1658.0,656.0,25.0,2.0,4.0,1.0,1.0,0.0,2.0,24127.0,27623.0,475.0,22373.0,27246.0,415.0,1754.0,377.0,60.0,2.0,4.0,3.0,3.0,6.0,2.0,31798.0,35328.0,620.0,30893.0,37792.0,572.0,905.0,-2464.0,48.0,2.0,4.0,4.0,4.0,7.0,2.0,40359.0,44872.0,791.0,43270.0,53229.0,712.0,-2911.0,-8357.0,79.0,3.0,5.0,9.0,9.0,23.0,3.0
ESPORTSTMNT01/1222618,complete,https://matchhistory.na.leagueoflegends.com/en/#match-details/ESPORTSTMNT01/1222618?gameHash=e82e6ee9961649bd,CT,2019,,1,2019-11-30 11:48:25,3,9.22,200,Red,team,,,Kawaii Kiwis,oe:team:8eb9a212591f919a353abfac0c0a52a,,Gragas,Senna,Gangplank,Veigar,Thresh,Ornn,Jarvan IV,Cassiopeia,Kai'Sa,Soraka,1715,1,18,8,49,18,8,1.0,1.0,1.0,1.0,0.0,,,,0.6297,0.9096,1.0,4.0,0.0,,,2.0,1.0,1.0,0.0,,,,0.0,0.0,1.0,1.0,0.0,,,1.0,1.0,0.0,1.0,11.0,2.0,1.0,1.0,,,3.0,0.0,71708.0,2508.7347,,2753.2478,1962.2624,72.0,2.519,30.0,1.0496,27.0,182.0,6.3673,54834.0,35963.0,1258.1808,,47000.0,0.125254,-0.41,,654.0,156.0,91.0,16.0,28.3382,15118.0,17909.0,287.0,16776.0,18565.0,312.0,-1658.0,-656.0,-25.0,1.0,0.0,2.0,2.0,4.0,1.0,22373.0,27246.0,415.0,24127.0,27623.0,475.0,-1754.0,-377.0,-60.0,3.0,6.0,2.0,2.0,4.0,3.0,30893.0,37792.0,572.0,31798.0,35328.0,620.0,-905.0,2464.0,-48.0,4.0,7.0,2.0,2.0,4.0,4.0,43270.0,53229.0,712.0,40359.0,44872.0,791.0,2911.0,8357.0,-79.0,9.0,23.0,3.0,3.0,5.0,9.0
ESPORTSTMNT01/1222880,complete,https://matchhistory.na.leagueoflegends.com/en/#match-details/ESPORTSTMNT01/1222880?gameHash=f0adcff31553c4df,CT,2019,,1,2019-12-01 10:06:47,1,9.22,1,Blue,top,Imba,oe:player:4c25a950eb10c73fe6bd4f8688ab273,Kawaii Kiwis,oe:team:8eb9a212591f919a353abfac0c0a52a,Ornn,Gragas,Thresh,Qiyana,Olaf,Jarvan IV,,,,,,2208,0,2,3,3,7,17,0.0,0.0,0.0,0.0,0.0,0.0,0.0,0.0,0.1902,0.6522,,,,,,,,,,,,,,,,,,,,,,,,,,,,,,0.0,0.0,9000.0,244.5652,0.161961,573.5326,824.4022,8.0,0.2174,9.0,0.2446,1.0,22.0,0.5978,12367.0,7587.0,206.1685,0.224361,12375.0,,,241.0,229.0,12.0,9.0,0.0,6.5489,3196.0,4832.0,78.0,3323.0,4421.0,71.0,-127.0,411.0,7.0,0.0,1.0,1.0,0.0,1.0,1.0,4976.0,7807.0,134.0,5211.0,7313.0,119.0,-235.0,494.0,15.0,0.0,1.0,1.0,0.0,1.0,1.0,5968.0,9019.0,151.0,7661.0,10925.0,175.0,-1693.0,-1906.0,-24.0,0.0,2.0,2.0,2.0,1.0,1.0,8155.0,11562.0,187.0,9893.0,13594.0,233.0,-1738.0,-2032.0,-46.0,1.0,2.0,2.0,2.0,1.0,1.0
ESPORTSTMNT01/1222880,complete,https://matchhistory.na.leagueoflegends.com/en/#match-details/ESPORTSTMNT01/1222880?gameHash=f0adcff31553c4df,CT,2019,,1,2019-12-01 10:06:47,1,9.22,2,Blue,jng,Huido,oe:player:c3299c961a35ead84df135c4cc0c3cc,Kawaii Kiwis,oe:team:8eb9a212591f919a353abfac0c0a52a,Nocturne,Gragas,Thresh,Qiyana,Olaf,Jarvan IV,,,,,,2208,0,1,3,2,7,17,0.0,0.0,0.0,0.0,0.0,0.0,0.0,0.0,0.1902,0.6522,,,,,,,,,,,,,,,,,,,,,,,,,,,,,,0.0,0.0,6330.0,172.0109,0.113912,632.3098,381.9837,15.0,0.4076,13.0,0.3533,13.0,48.0,1.3043,10438.0,5658.0,153.75,0.167318,10200.0,,,178.0,53.0,125.0,97.0,0.0,4.837,3325.0,3366.0,54.0,3324.0,3020.0,53.0,1.0,346.0,1.0,1.0,0.0,0.0,1.0,1.0,0.0,4835.0,5408.0,87.0,5209.0,4838.0,75.0,-374.0,570.0,12.0,1.0,0.0,0.0,2.0,2.0,0.0,5823.0,6415.0,101.0,7092.0,7488.0,102.0,-1269.0,-1073.0,-1.0,1.0,1.0,1.0,3.0,3.0,0.0,6890.0,7547.0,117.0,8522.0,9327.0,127.0,-1632.0,-1780.0,-10.0,1.0,1.0,1.0,3.0,3.0,0.0
ESPORTSTMNT01/1222880,complete,https://matchhistory.na.leagueoflegends.com/en/#match-details/ESPORTSTMNT01/1222880?gameHash=f0adcff31553c4df,CT,2019,,1,2019-12-01 10:06:47,1,9.22,3,Blue,mid,Daniur,oe:player:f12595a359b40eabc8b33af37b2ca73,Kawaii Kiwis,oe:team:8eb9a212591f919a353abfac0c0a52a,Zoe,Gragas,Thresh,Qiyana,Olaf,Jarvan IV,,,,,,2208,0,2,2,1,7,17,0.0,0.0,0.0,0.0,0.0,0.0,0.0,0.0,0.1902,0.6522,,,,,,,,,,,,,,,,,,,,,,,,,,,,,,0.0,0.0,17215.0,467.7989,0.309795,306.9022,159.1033,18.0,0.4891,5.0,0.1359,9.0,46.0,1.25,12198.0,7418.0,201.5761,0.219363,12025.0,,,274.0,254.0,20.0,16.0,0.0,7.4457,3232.0,4654.0,85.0,3418.0,4721.0,90.0,-186.0,-67.0,-5.0,0.0,0.0,0.0,0.0,0.0,0.0,5203.0,7883.0,149.0,5577.0,7758.0,140.0,-374.0,125.0,9.0,0.0,0.0,0.0,1.0,1.0,0.0,7052.0,9626.0,183.0,7643.0,9878.0,182.0,-591.0,-252.0,1.0,1.0,0.0,1.0,2.0,1.0,0.0,8572.0,11890.0,223.0,9340.0,12168.0,222.0,-768.0,-278.0,1.0,1.0,0.0,1.0,2.0,1.0,1.0
ESPORTSTMNT01/1222880,complete,https://matchhistory.na.leagueoflegends.com/en/#match-details/ESPORTSTMNT01/1222880?gameHash=f0adcff31553c4df,CT,2019,,1,2019-12-01 10:06:47,1,9.22,4,Blue,bot,Legolas,oe:player:5cfc41b7eccda649db08ead84343554,Kawaii Kiwis,oe:team:8eb9a212591f919a353abfac0c0a52a,Caitlyn,Gragas,Thresh,Qiyana,Olaf,Jarvan IV,,,,,,2208,0,2,7,3,7,17,0.0,0.0,0.0,0.0,0.0,0.0,0.0,1.0,0.1902,0.6522,,,,,,,,,,,,,,,,,,,,,,,,,,,,,,0.0,1.0,19499.0,529.8641,0.350897,373.2609,352.7989,12.0,0.3261,19.0,0.5163,3.0,38.0,1.0326,14137.0,9357.0,254.2663,0.276702,14325.0,,,301.0,279.0,22.0,22.0,0.0,8.1793,2693.0,2649.0,60.0,3328.0,3329.0,26.0,-635.0,-680.0,34.0,0.0,0.0,3.0,1.0,2.0,0.0,4605.0,4532.0,100.0,6176.0,5519.0,69.0,-1571.0,-987.0,31.0,0.0,0.0,4.0,1.0,4.0,0.0,6011.0,6687.0,135.0,8378.0,7851.0,103.0,-2367.0,-1164.0,32.0,0.0,1.0,5.0,1.0,7.0,0.0,7868.0,9291.0,183.0,10685.0,9730.0,147.0,-2817.0,-439.0,36.0,0.0,2.0,5.0,1.0,7.0,0.0
ESPORTSTMNT01/1222880,complete,https://matchhistory.na.leagueoflegends.com/en/#match-details/ESPORTSTMNT01/1222880?gameHash=f0adcff31553c4df,CT,2019,,1,2019-12-01 10:06:47,1,9.22,5,Blue,sup,Napo,oe:player:09c53f3c08d109b0a5fec86dfff0f4e,Kawaii Kiwis,oe:team:8eb9a212591f919a353abfac0c0a52a,Zilean,Gragas,Thresh,Qiyana,Olaf,Jarvan IV,,,,,,2208,0,0,2,6,7,17,0.0,0.0,0.0,0.0,0.0,0.0,0.0,0.0,0.1902,0.6522,,,,,,,,,,,,,,,,,,,,,,,,,,,,,,0.0,0.0,3525.0,95.788,0.0634346,178.8587,130.5978,57.0,1.5489,6.0,0.163,17.0,78.0,2.1196,8576.0,3796.0,103.1522,0.112256,8025.0,,,18.0,18.0,0.0,0.0,0.0,0.4891,2200.0,2708.0,6.0,3707.0,3447.0,66.0,-1507.0,-739.0,-60.0,0.0,0.0,0.0,2.0,1.0,0.0,3133.0,3938.0,7.0,5838.0,4988.0,86.0,-2705.0,-1050.0,-79.0,0.0,0.0,1.0,2.0,3.0,0.0,4305.0,5798.0,9.0,7176.0,6731.0,100.0,-2871.0,-933.0,-91.0,0.0,1.0,1.0,2.0,5.0,1.0,5418.0,7808.0,14.0,8692.0,8395.0,117.0,-3274.0,-587.0,-103.0,0.0,2.0,1.0,2.0,5.0,1.0
ESPORTSTMNT01/1222880,complete,https://matchhistory.na.leagueoflegends.com/en/#match-details/ESPORTSTMNT01/1222880?gameHash=f0adcff31553c4df,CT,2019,,1,2019-12-01 10:06:47,1,9.22,6,Red,top,Rubi0o,oe:player:d63c2f58526fc93451ff8b261d35556,Vodafone Giants Academy,oe:team:eb2c3286d3f7ae58bb118bbc87bab2c,Kayle,Morgana,Nautilus,Syndra,Jax,Janna,,,,,,2208,1,5,2,5,17,7,1.0,0.0,0.0,0.0,0.0,0.0,0.0,0.0,0.462,0.6522,,,,,,,,,,,,,,,,,,,,,,,,,,,,,,0.0,0.0,14669.0,398.6141,0.298308,741.6304,431.413,22.0,0.5978,14.0,0.3804,10.0,57.0,1.5489,16634.0,11854.0,322.1196,0.253621,14475.0,,,375.0,329.0,46.0,32.0,5.0,10.1902,3323.0,4421.0,71.0,3196.0,4832.0,78.0,127.0,-411.0,-7.0,0.0,1.0,1.0,0.0,1.0,1.0,5211.0,7313.0,119.0,4976.0,7807.0,134.0,235.0,-494.0,-15.0,0.0,1.0,1.0,0.0,1.0,1.0,7661.0,10925.0,175.0,5968.0,9019.0,151.0,1693.0,1906.0,24.0,2.0,1.0,1.0,0.0,2.0,2.0,9893.0,13594.0,233.0,8155.0,11562.0,187.0,1738.0,2032.0,46.0,2.0,1.0,1.0,1.0,2.0,2.0
ESPORTSTMNT01/1222880,complete,https://matchhistory.na.leagueoflegends.com/en/#match-details/ESPORTSTMNT01/1222880?gameHash=f0adcff31553c4df,CT,2019,,1,2019-12-01 10:06:47,1,9.22,7,Red,jng,Nyx,oe:player:778fa012f6e60cd5df26483c1573b1e,Vodafone Giants Academy,oe:team:eb2c3286d3f7ae58bb118bbc87bab2c,Kha'Zix,Morgana,Nautilus,Syndra,Jax,Janna,,,,,,2208,1,5,1,6,17,7,0.0,0.0,0.0,0.0,0.0,0.0,0.0,0.0,0.462,0.6522,,,,,,,,,,,,,,,,,,,,,,,,,,,,,,0.0,0.0,7990.0,217.1196,0.162484,878.7228,536.6304,40.0,1.087,13.0,0.3533,16.0,87.0,2.3641,12306.0,7526.0,204.5109,0.161022,10475.0,,,173.0,27.0,146.0,77.0,15.0,4.7011,3324.0,3020.0,53.0,3325.0,3366.0,54.0,-1.0,-346.0,-1.0,1.0,1.0,0.0,1.0,0.0,0.0,5209.0,4838.0,75.0,4835.0,5408.0,87.0,374.0,-570.0,-12.0,2.0,2.0,0.0,1.0,0.0,0.0,7092.0,7488.0,102.0,5823.0,6415.0,101.0,1269.0,1073.0,1.0,3.0,3.0,0.0,1.0,1.0,1.0,8522.0,9327.0,127.0,6890.0,7547.0,117.0,1632.0,1780.0,10.0,3.0,3.0,0.0,1.0,1.0,1.0
ESPORTSTMNT01/1222880,complete,https://matchhistory.na.leagueoflegends.com/en/#match-details/ESPORTSTMNT01/1222880?gameHash=f0adcff31553c4df,CT,2019,,1,2019-12-01 10:06:47,1,9.22,8,Red,mid,Javier,oe:player:ab02fceb9689114b1cd1844e456c069,Vodafone Giants Academy,oe:team:eb2c3286d3f7ae58bb118bbc87bab2c,Galio,Morgana,Nautilus,Syndra,Jax,Janna,,,,,,2208,1,3,2,5,17,7,0.0,0.0,0.0,0.0,0.0,0.0,0.0,0.0,0.462,0.6522,,,,,,,,,,,,,,,,,,,,,,,,,,,,,,0.0,0.0,9126.0,247.9891,0.185586,512.337,637.7174,20.0,0.5435,4.0,0.1087,12.0,44.0,1.1957,13806.0,9026.0,245.2717,0.193115,13900.0,,,300.0,288.0,12.0,8.0,0.0,8.1522,3418.0,4721.0,90.0,3232.0,4654.0,85.0,186.0,67.0,5.0,0.0,0.0,0.0,0.0,0.0,0.0,5577.0,7758.0,140.0,5203.0,7883.0,149.0,374.0,-125.0,-9.0,1.0,1.0,0.0,0.0,0.0,0.0,7643.0,9878.0,182.0,7052.0,9626.0,183.0,591.0,252.0,-1.0,2.0,1.0,0.0,1.0,0.0,1.0,9340.0,12168.0,222.0,8572.0,11890.0,223.0,768.0,278.0,-1.0,2.0,1.0,1.0,1.0,0.0,1.0
ESPORTSTMNT01/1222880,complete,https://matchhistory.na.leagueoflegends.com/en/#match-details/ESPORTSTMNT01/1222880?gameHash=f0adcff31553c4df,CT,2019,,1,2019-12-01 10:06:47,1,9.22,9,Red,bot,Ace,oe:player:73933848061d300bbe7293d9b38a2d4,Vodafone Giants Academy,oe:team:eb2c3286d3f7ae58bb118bbc87bab2c,Senna,Morgana,Nautilus,Syndra,Jax,Janna,,,,,,2208,1,2,0,13,17,7,0.0,0.0,0.0,0.0,1.0,0.0,1.0,0.0,0.462,0.6522,,,,,,,,,,,,,,,,,,,,,,,,,,,,,,1.0,0.0,12477.0,339.0489,0.253732,382.9076,226.8478,35.0,0.9511,9.0,0.2446,9.0,74.0,2.0109,16095.0,11315.0,307.4728,0.242089,14665.0,,,226.0,193.0,33.0,24.0,4.0,6.1413,3328.0,3329.0,26.0,2693.0,2649.0,60.0,635.0,680.0,-34.0,1.0,2.0,0.0,0.0,0.0,3.0,6176.0,5519.0,69.0,4605.0,4532.0,100.0,1571.0,987.0,-31.0,1.0,4.0,0.0,0.0,0.0,4.0,8378.0,7851.0,103.0,6011.0,6687.0,135.0,2367.0,1164.0,-32.0,1.0,7.0,0.0,0.0,1.0,5.0,10685.0,9730.0,147.0,7868.0,9291.0,183.0,2817.0,439.0,-36.0,1.0,7.0,0.0,0.0,2.0,5.0
ESPORTSTMNT01/1222880,complete,https://matchhistory.na.leagueoflegends.com/en/#match-details/ESPORTSTMNT01/1222880?gameHash=f0adcff31553c4df,CT,2019,,1,2019-12-01 10:06:47,1,9.22,10,Red,sup,Viketox,oe:player:9179efed5ca80e55ed0ae365bf086f1,Vodafone Giants Academy,oe:team:eb2c3286d3f7ae58bb118bbc87bab2c,Leona,Morgana,Nautilus,Syndra,Jax,Janna,,,,,,2208,1,2,2,12,17,7,0.0,0.0,0.0,0.0,1.0,1.0,0.0,0.0,0.462,0.6522,,,,,,,,,,,,,,,,,,,,,,,,,,,,,,0.0,0.0,4912.0,133.4783,0.0998902,468.288,726.6848,38.0,1.0326,5.0,0.1359,6.0,74.0,2.0109,11798.0,7018.0,190.7065,0.150153,10800.0,,,146.0,146.0,0.0,0.0,0.0,3.9674,3707.0,3447.0,66.0,2200.0,2708.0,6.0,1507.0,739.0,60.0,2.0,1.0,0.0,0.0,0.0,0.0,5838.0,4988.0,86.0,3133.0,3938.0,7.0,2705.0,1050.0,79.0,2.0,3.0,0.0,0.0,0.0,1.0,7176.0,6731.0,100.0,4305.0,5798.0,9.0,2871.0,933.0,91.0,2.0,5.0,1.0,0.0,1.0,1.0,8692.0,8395.0,117.0,5418.0,7808.0,14.0,3274.0,587.0,103.0,2.0,5.0,1.0,0.0,2.0,1.0
ESPORTSTMNT01/1222880,complete,https://matchhistory.na.leagueoflegends.com/en/#match-details/ESPORTSTMNT01/1222880?gameHash=f0adcff31553c4df,CT,2019,,1,2019-12-01 10:06:47,1,9.22,100,Blue,team,,,Kawaii Kiwis,oe:team:8eb9a212591f919a353abfac0c0a52a,,Gragas,Thresh,Qiyana,Olaf,Jarvan IV,Zoe,Ornn,Caitlyn,Nocturne,Zilean,2208,0,7,17,15,7,17,0.0,0.0,0.0,0.0,0.0,,,,0.1902,0.6522,0.0,0.0,5.0,,,0.0,0.0,0.0,0.0,,,,0.0,0.0,1.0,1.0,0.0,,,1.0,1.0,0.0,0.0,1.0,9.0,0.0,0.0,,,0.0,1.0,55569.0,1510.0272,,2064.8641,1848.8859,110.0,2.9891,52.0,1.413,43.0,232.0,6.3043,57716.0,33816.0,918.913,,56950.0,-0.12147,-4.74,,833.0,179.0,144.0,0.0,27.5,14646.0,18209.0,283.0,17100.0,18938.0,306.0,-2454.0,-729.0,-23.0,1.0,1.0,4.0,4.0,5.0,1.0,22752.0,29568.0,477.0,28011.0,30416.0,489.0,-5259.0,-848.0,-12.0,1.0,1.0,6.0,6.0,11.0,1.0,29159.0,37545.0,579.0,37950.0,42873.0,662.0,-8791.0,-5328.0,-83.0,2.0,5.0,10.0,10.0,17.0,2.0,36903.0,48098.0,724.0,47132.0,53214.0,846.0,-10229.0,-5116.0,-122.0,3.0,7.0,10.0,10.0,17.0,3.0
ESPORTSTMNT01/1222880,complete,https://matchhistory.na.leagueoflegends.com/en/#match-details/ESPORTSTMNT01/1222880?gameHash=f0adcff31553c4df,CT,2019,,1,2019-12-01 10:06:47,1,9.22,200,Red,team,,,Vodafone Giants Academy,oe:team:eb2c3286d3f7ae58bb118bbc87bab2c,,Morgana,Nautilus,Syndra,Jax,Janna,Leona,Senna,Kayle,Galio,Kha'Zix,2208,1,17,7,41,17,7,1.0,0.0,0.0,0.0,1.0,,,,0.462,0.6522,1.0,5.0,0.0,,,0.0,0.0,3.0,2.0,,,,0.0,0.0,0.0,0.0,1.0,,,0.0,0.0,1.0,1.0,9.0,1.0,1.0,1.0,,,1.0,0.0,49174.0,1336.25,,2983.8859,2559.2935,155.0,4.212,45.0,1.2228,53.0,336.0,9.1304,70639.0,46739.0,1270.0815,,64315.0,0.12147,4.74,,983.0,237.0,141.0,24.0,33.1522,17100.0,18938.0,306.0,14646.0,18209.0,283.0,2454.0,729.0,23.0,4.0,5.0,1.0,1.0,1.0,4.0,28011.0,30416.0,489.0,22752.0,29568.0,477.0,5259.0,848.0,12.0,6.0,11.0,1.0,1.0,1.0,6.0,37950.0,42873.0,662.0,29159.0,37545.0,579.0,8791.0,5328.0,83.0,10.0,17.0,2.0,2.0,5.0,10.0,47132.0,53214.0,846.0,36903.0,48098.0,724.0,10229.0,5116.0,122.0,10.0,17.0,3.0,3.0,7.0,10.0
ESPORTSTMNT01/1222889,complete,https://matchhistory.na.leagueoflegends.com/en/#match-details/ESPORTSTMNT01/1222889?gameHash=731f30cdcce3649c,CT,2019,,1,2019-12-01 10:57:30,2,9.22,1,Blue,top,Rubi0o,oe:player:d63c2f58526fc93451ff8b261d35556,Vodafone Giants Academy,oe:team:eb2c3286d3f7ae58bb118bbc87bab2c,Ornn,Morgana,Nautilus,Senna,Rumble,Kayle,,,,,,2041,1,3,1,12,21,9,1.0,0.0,0.0,0.0,0.0,0.0,0.0,0.0,0.6173,0.8819,,,,,,,,,,,,,,,,,,,,,,,,,,,,,,0.0,0.0,11184.0,328.78,0.156946,606.3498,848.0549,18.0,0.5292,3.0,0.0882,9.0,28.0,0.8231,11939.0,7500.0,220.4802,0.181374,10625.0,,,208.0,207.0,1.0,1.0,0.0,6.1146,3090.0,4335.0,76.0,3037.0,4398.0,69.0,53.0,-63.0,7.0,0.0,1.0,0.0,0.0,0.0,0.0,4562.0,6534.0,114.0,4318.0,6259.0,99.0,244.0,275.0,15.0,0.0,2.0,1.0,0.0,0.0,2.0,6572.0,9569.0,153.0,5892.0,8430.0,131.0,680.0,1139.0,22.0,1.0,3.0,1.0,1.0,1.0,2.0,7865.0,11474.0,173.0,7567.0,10115.0,157.0,298.0,1359.0,16.0,1.0,4.0,1.0,1.0,1.0,2.0
ESPORTSTMNT01/1222889,complete,https://matchhistory.na.leagueoflegends.com/en/#match-details/ESPORTSTMNT01/1222889?gameHash=731f30cdcce3649c,CT,2019,,1,2019-12-01 10:57:30,2,9.22,2,Blue,jng,Nyx,oe:player:778fa012f6e60cd5df26483c1573b1e,Vodafone Giants Academy,oe:team:eb2c3286d3f7ae58bb118bbc87bab2c,Kha'Zix,Morgana,Nautilus,Senna,Rumble,Kayle,,,,,,2041,1,3,2,11,21,9,0.0,0.0,0.0,0.0,1.0,0.0,1.0,0.0,0.6173,0.8819,,,,,,,,,,,,,,,,,,,,,,,,,,,,,,1.0,0.0,12025.0,353.5032,0.168748,856.3155,543.6453,43.0,1.2641,13.0,0.3822,19.0,85.0,2.4988,11874.0,7435.0,218.5693,0.179802,10700.0,,,137.0,22.0,115.0,74.0,8.0,4.0274,2988.0,2755.0,44.0,3032.0,3105.0,55.0,-44.0,-350.0,-11.0,0.0,2.0,0.0,0.0,0.0,0.0,4938.0,4953.0,70.0,4837.0,4775.0,75.0,101.0,178.0,-5.0,1.0,3.0,0.0,1.0,0.0,0.0,5884.0,6175.0,82.0,6654.0,7090.0,105.0,-770.0,-915.0,-23.0,1.0,3.0,1.0,1.0,4.0,0.0,7386.0,8232.0,112.0,7938.0,8527.0,122.0,-552.0,-295.0,-10.0,1.0,4.0,1.0,1.0,5.0,0.0
ESPORTSTMNT01/1222889,complete,https://matchhistory.na.leagueoflegends.com/en/#match-details/ESPORTSTMNT01/1222889?gameHash=731f30cdcce3649c,CT,2019,,1,2019-12-01 10:57:30,2,9.22,3,Blue,mid,Javier,oe:player:ab02fceb9689114b1cd1844e456c069,Vodafone Giants Academy,oe:team:eb2c3286d3f7ae58bb118bbc87bab2c,Syndra,Morgana,Nautilus,Senna,Rumble,Kayle,,,,,,2041,1,5,1,13,21,9,0.0,0.0,0.0,0.0,1.0,0.0,1.0,0.0,0.6173,0.8819,,,,,,,,,,,,,,,,,,,,,,,,,,,,,,0.0,0.0,20394.0,599.5296,0.286191,355.12,176.5311,20.0,0.5879,5.0,0.147,9.0,35.0,1.0289,13276.0,8837.0,259.7844,0.213707,11350.0,,,245.0,221.0,24.0,20.0,4.0,7.2024,3354.0,4335.0,88.0,3018.0,4622.0,78.0,336.0,-287.0,10.0,0.0,2.0,0.0,0.0,0.0,0.0,4944.0,6534.0,131.0,4898.0,7337.0,135.0,46.0,-803.0,-4.0,0.0,3.0,0.0,0.0,0.0,0.0,6972.0,8926.0,177.0,5994.0,8544.0,151.0,978.0,382.0,26.0,1.0,4.0,0.0,0.0,2.0,1.0,8343.0,10391.0,203.0,7902.0,10200.0,182.0,441.0,191.0,21.0,1.0,5.0,1.0,1.0,2.0,2.0
ESPORTSTMNT01/1222889,complete,https://matchhistory.na.leagueoflegends.com/en/#match-details/ESPORTSTMNT01/1222889?gameHash=731f30cdcce3649c,CT,2019,,1,2019-12-01 10:57:30,2,9.22,4,Blue,bot,Ace,oe:player:73933848061d300bbe7293d9b38a2d4,Vodafone Giants Academy,oe:team:eb2c3286d3f7ae58bb118bbc87bab2c,Kai'Sa,Morgana,Nautilus,Senna,Rumble,Kayle,,,,,,2041,1,7,2,8,21,9,0.0,0.0,0.0,0.0,1.0,0.0,1.0,0.0,0.6173,0.8819,,,,,,,,,,,,,,,,,,,,,,,,,,,,,,1.0,0.0,19217.0,564.929,0.269674,498.8731,323.6061,11.0,0.3234,10.0,0.294,2.0,39.0,1.1465,16295.0,11856.0,348.535,0.286719,14000.0,,,292.0,232.0,60.0,36.0,8.0,8.584,3626.0,3341.0,83.0,3133.0,2812.0,78.0,493.0,529.0,5.0,1.0,1.0,0.0,0.0,0.0,1.0,5907.0,4838.0,106.0,5950.0,5281.0,127.0,-43.0,-443.0,-21.0,3.0,2.0,1.0,2.0,1.0,1.0,7838.0,7114.0,156.0,8381.0,7071.0,164.0,-543.0,43.0,-8.0,3.0,2.0,2.0,4.0,2.0,1.0,10381.0,9528.0,205.0,10527.0,9571.0,219.0,-146.0,-43.0,-14.0,4.0,2.0,2.0,4.0,3.0,1.0
ESPORTSTMNT01/1222889,complete,https://matchhistory.na.leagueoflegends.com/en/#match-details/ESPORTSTMNT01/1222889?gameHash=731f30cdcce3649c,CT,2019,,1,2019-12-01 10:57:30,2,9.22,5,Blue,sup,Viketox,oe:player:9179efed5ca80e55ed0ae365bf086f1,Vodafone Giants Academy,oe:team:eb2c3286d3f7ae58bb118bbc87bab2c,Braum,Morgana,Nautilus,Senna,Rumble,Kayle,,,,,,2041,1,3,3,15,21,9,0.0,0.0,0.0,0.0,1.0,1.0,0.0,0.0,0.6173,0.8819,,,,,,,,,,,,,,,,,,,,,,,,,,,,,,0.0,0.0,8440.0,248.1137,0.11844,560.6957,764.9486,38.0,1.1171,8.0,0.2352,9.0,82.0,2.4106,10162.0,5723.0,168.2411,0.138399,8725.0,,,57.0,57.0,0.0,0.0,0.0,1.6756,2548.0,2778.0,17.0,2019.0,2602.0,13.0,529.0,176.0,4.0,1.0,1.0,0.0,0.0,0.0,1.0,3829.0,3673.0,22.0,3844.0,4449.0,27.0,-15.0,-776.0,-5.0,1.0,4.0,1.0,0.0,3.0,2.0,4910.0,4582.0,33.0,5115.0,5879.0,34.0,-205.0,-1297.0,-1.0,1.0,4.0,3.0,1.0,4.0,3.0,5966.0,5798.0,40.0,6080.0,6812.0,39.0,-114.0,-1014.0,1.0,1.0,5.0,3.0,1.0,5.0,3.0
ESPORTSTMNT01/1222889,complete,https://matchhistory.na.leagueoflegends.com/en/#match-details/ESPORTSTMNT01/1222889?gameHash=731f30cdcce3649c,CT,2019,,1,2019-12-01 10:57:30,2,9.22,6,Red,top,Imba,oe:player:4c25a950eb10c73fe6bd4f8688ab273,Kawaii Kiwis,oe:team:8eb9a212591f919a353abfac0c0a52a,Mordekaiser,Gragas,Thresh,Qiyana,Poppy,Elise,,,,,,2041,0,1,6,1,9,21,0.0,0.0,0.0,0.0,0.0,0.0,0.0,0.0,0.2646,0.8819,,,,,,,,,,,,,,,,,,,,,,,,,,,,,,0.0,0.0,10354.0,304.3802,0.165283,633.4248,449.074,11.0,0.3234,1.0,0.0294,4.0,23.0,0.6761,9485.0,5046.0,148.339,0.166947,9450.0,,,188.0,168.0,20.0,0.0,1.0,5.5267,3037.0,4398.0,69.0,3090.0,4335.0,76.0,-53.0,63.0,-7.0,0.0,0.0,0.0,0.0,1.0,0.0,4318.0,6259.0,99.0,4562.0,6534.0,114.0,-244.0,-275.0,-15.0,0.0,0.0,2.0,0.0,2.0,1.0,5892.0,8430.0,131.0,6572.0,9569.0,153.0,-680.0,-1139.0,-22.0,1.0,1.0,2.0,1.0,3.0,1.0,7567.0,10115.0,157.0,7865.0,11474.0,173.0,-298.0,-1359.0,-16.0,1.0,1.0,2.0,1.0,4.0,1.0
ESPORTSTMNT01/1222889,complete,https://matchhistory.na.leagueoflegends.com/en/#match-details/ESPORTSTMNT01/1222889?gameHash=731f30cdcce3649c,CT,2019,,1,2019-12-01 10:57:30,2,9.22,7,Red,jng,Huido,oe:player:c3299c961a35ead84df135c4cc0c3cc,Kawaii Kiwis,oe:team:8eb9a212591f919a353abfac0c0a52a,Jarvan IV,Gragas,Thresh,Qiyana,Poppy,Elise,,,,,,2041,0,1,3,6,9,21,0.0,0.0,0.0,0.0,0.0,0.0,0.0,0.0,0.2646,0.8819,,,,,,,,,,,,,,,,,,,,,,,,,,,,,,0.0,1.0,5841.0,171.7099,0.0932412,831.0044,1027.2024,12.0,0.3528,12.0,0.3528,11.0,38.0,1.1171,9730.0,5291.0,155.5414,0.175053,8725.0,,,147.0,26.0,121.0,91.0,8.0,4.3214,3032.0,3105.0,55.0,2988.0,2755.0,44.0,44.0,350.0,11.0,0.0,0.0,0.0,0.0,2.0,0.0,4837.0,4775.0,75.0,4938.0,4953.0,70.0,-101.0,-178.0,5.0,1.0,0.0,0.0,1.0,3.0,0.0,6654.0,7090.0,105.0,5884.0,6175.0,82.0,770.0,915.0,23.0,1.0,4.0,0.0,1.0,3.0,1.0,7938.0,8527.0,122.0,7386.0,8232.0,112.0,552.0,295.0,10.0,1.0,5.0,0.0,1.0,4.0,1.0
ESPORTSTMNT01/1222889,complete,https://matchhistory.na.leagueoflegends.com/en/#match-details/ESPORTSTMNT01/1222889?gameHash=731f30cdcce3649c,CT,2019,,1,2019-12-01 10:57:30,2,9.22,8,Red,mid,Daniur,oe:player:f12595a359b40eabc8b33af37b2ca73,Kawaii Kiwis,oe:team:8eb9a212591f919a353abfac0c0a52a,Orianna,Gragas,Thresh,Qiyana,Poppy,Elise,,,,,,2041,0,1,2,3,9,21,0.0,0.0,0.0,0.0,0.0,0.0,0.0,0.0,0.2646,0.8819,,,,,,,,,,,,,,,,,,,,,,,,,,,,,,0.0,0.0,19208.0,564.6644,0.306622,353.6796,324.047,13.0,0.3822,8.0,0.2352,8.0,26.0,0.7643,10569.0,6130.0,180.2058,0.202812,10785.0,,,229.0,214.0,15.0,15.0,0.0,6.732,3018.0,4622.0,78.0,3354.0,4335.0,88.0,-336.0,287.0,-10.0,0.0,0.0,0.0,0.0,2.0,0.0,4898.0,7337.0,135.0,4944.0,6534.0,131.0,-46.0,803.0,4.0,0.0,0.0,0.0,0.0,3.0,0.0,5994.0,8544.0,151.0,6972.0,8926.0,177.0,-978.0,-382.0,-26.0,0.0,2.0,1.0,1.0,4.0,0.0,7902.0,10200.0,182.0,8343.0,10391.0,203.0,-441.0,-191.0,-21.0,1.0,2.0,2.0,1.0,5.0,1.0
ESPORTSTMNT01/1222889,complete,https://matchhistory.na.leagueoflegends.com/en/#match-details/ESPORTSTMNT01/1222889?gameHash=731f30cdcce3649c,CT,2019,,1,2019-12-01 10:57:30,2,9.22,9,Red,bot,Legolas,oe:player:5cfc41b7eccda649db08ead84343554,Kawaii Kiwis,oe:team:8eb9a212591f919a353abfac0c0a52a,Xayah,Gragas,Thresh,Qiyana,Poppy,Elise,,,,,,2041,0,5,3,3,9,21,0.0,0.0,0.0,0.0,0.0,0.0,0.0,1.0,0.2646,0.8819,,,,,,,,,,,,,,,,,,,,,,,,,,,,,,0.0,1.0,22102.0,649.7403,0.352819,436.3743,259.6374,12.0,0.3528,17.0,0.4998,1.0,36.0,1.0583,14580.0,10141.0,298.1186,0.335522,15025.0,,,322.0,299.0,23.0,17.0,0.0,9.4659,3133.0,2812.0,78.0,3626.0,3341.0,83.0,-493.0,-529.0,-5.0,0.0,0.0,1.0,1.0,1.0,0.0,5950.0,5281.0,127.0,5907.0,4838.0,106.0,43.0,443.0,21.0,2.0,1.0,1.0,3.0,2.0,1.0,8381.0,7071.0,164.0,7838.0,7114.0,156.0,543.0,-43.0,8.0,4.0,2.0,1.0,3.0,2.0,2.0,10527.0,9571.0,219.0,10381.0,9528.0,205.0,146.0,43.0,14.0,4.0,3.0,1.0,4.0,2.0,2.0
ESPORTSTMNT01/1222889,complete,https://matchhistory.na.leagueoflegends.com/en/#match-details/ESPORTSTMNT01/1222889?gameHash=731f30cdcce3649c,CT,2019,,1,2019-12-01 10:57:30,2,9.22,10,Red,sup,Napo,oe:player:09c53f3c08d109b0a5fec86dfff0f4e,Kawaii Kiwis,oe:team:8eb9a212591f919a353abfac0c0a52a,Leona,Gragas,Thresh,Qiyana,Poppy,Elise,,,,,,2041,0,1,7,6,9,21,0.0,0.0,0.0,0.0,0.0,0.0,0.0,0.0,0.2646,0.8819,,,,,,,,,,,,,,,,,,,,,,,,,,,,,,0.0,0.0,5139.0,151.073,0.082035,474.5027,491.5826,53.0,1.5581,8.0,0.2352,19.0,76.0,2.2342,8056.0,3617.0,106.3302,0.119666,7605.0,,,56.0,56.0,0.0,0.0,0.0,1.6463,2019.0,2602.0,13.0,2548.0,2778.0,17.0,-529.0,-176.0,-4.0,0.0,0.0,1.0,1.0,1.0,0.0,3844.0,4449.0,27.0,3829.0,3673.0,22.0,15.0,776.0,5.0,0.0,3.0,2.0,1.0,4.0,1.0,5115.0,5879.0,34.0,4910.0,4582.0,33.0,205.0,1297.0,1.0,1.0,4.0,3.0,1.0,4.0,3.0,6080.0,6812.0,39.0,5966.0,5798.0,40.0,114.0,1014.0,-1.0,1.0,5.0,3.0,1.0,5.0,3.0
ESPORTSTMNT01/1222889,complete,https://matchhistory.na.leagueoflegends.com/en/#match-details/ESPORTSTMNT01/1222889?gameHash=731f30cdcce3649c,CT,2019,,1,2019-12-01 10:57:30,2,9.22,100,Blue,team,,,Vodafone Giants Academy,oe:team:eb2c3286d3f7ae58bb118bbc87bab2c,,Morgana,Nautilus,Senna,Rumble,Kayle,Syndra,Kai'Sa,Braum,Ornn,Kha'Zix,2041,1,21,9,59,21,9,1.0,0.0,0.0,0.0,1.0,,,,0.6173,0.8819,0.0,3.0,2.0,,,2.0,0.0,0.0,1.0,,,,0.0,0.0,1.0,1.0,0.0,,,1.0,2.0,0.0,0.0,11.0,3.0,1.0,1.0,,,3.0,0.0,71260.0,2094.8555,,2877.3542,2656.7859,130.0,3.8217,39.0,1.1465,48.0,269.0,7.9079,63546.0,41350.0,1215.5806,,55400.0,0.0712216,1.09,,739.0,200.0,131.0,20.0,27.6041,15606.0,17544.0,308.0,14239.0,17539.0,293.0,1367.0,5.0,15.0,2.0,7.0,0.0,0.0,0.0,2.0,24180.0,26532.0,443.0,23847.0,28101.0,463.0,333.0,-1569.0,-20.0,5.0,14.0,3.0,3.0,4.0,5.0,32176.0,36366.0,601.0,32036.0,37014.0,585.0,140.0,-648.0,16.0,7.0,16.0,7.0,7.0,13.0,7.0,39941.0,45423.0,733.0,40014.0,45225.0,719.0,-73.0,198.0,14.0,8.0,20.0,8.0,8.0,16.0,8.0
ESPORTSTMNT01/1222889,complete,https://matchhistory.na.leagueoflegends.com/en/#match-details/ESPORTSTMNT01/1222889?gameHash=731f30cdcce3649c,CT,2019,,1,2019-12-01 10:57:30,2,9.22,200,Red,team,,,Kawaii Kiwis,oe:team:8eb9a212591f919a353abfac0c0a52a,,Gragas,Thresh,Qiyana,Poppy,Elise,Xayah,Leona,Jarvan IV,Orianna,Mordekaiser,2041,0,9,21,19,9,21,0.0,0.0,0.0,0.0,0.0,,,,0.2646,0.8819,1.0,2.0,3.0,,,0.0,2.0,0.0,0.0,,,,0.0,0.0,0.0,0.0,1.0,,,0.0,0.0,2.0,1.0,3.0,11.0,0.0,0.0,,,0.0,3.0,62644.0,1841.5679,,2728.9858,2551.5434,101.0,2.9691,46.0,1.3523,43.0,199.0,5.8501,52420.0,30224.0,888.5056,,51590.0,-0.0712216,-1.09,,763.0,179.0,123.0,9.0,27.6923,14239.0,17539.0,293.0,15606.0,17544.0,308.0,-1367.0,-5.0,-15.0,0.0,0.0,2.0,2.0,7.0,0.0,23847.0,28101.0,463.0,24180.0,26532.0,443.0,-333.0,1569.0,20.0,3.0,4.0,5.0,5.0,14.0,3.0,32036.0,37014.0,585.0,32176.0,36366.0,601.0,-140.0,648.0,-16.0,7.0,13.0,7.0,7.0,16.0,7.0,40014.0,45225.0,719.0,39941.0,45423.0,733.0,73.0,-198.0,-14.0,8.0,16.0,8.0,8.0,20.0,8.0
